 塩＊胡桃アイスクリーム	1640485
 鬼がら焼き 海老の塩焼き	1321845
100均梅塩で簡単浅漬け	1520273
10分かからない簡単！ピーマン塩昆布和え	1487337
10分で 大根の塩麹わさび漬け	1616540
10分でしっとりうまうま塩ささみ	1414406
10時間で完成させる塩麹	1685966
16穀米ご飯＠塩麹	1638159
1．塩麹豚＆かき菜のパスタ	1679695
2分で完成！塩昆布のマイルド大根	1341238
2分で！きゅうりのおしんこ塩昆布とゴマ	1442014
2株ペロリチンゲンサイの塩炒め	1417054
2．豚タンとチンゲン菜の塩炒め	1520129
30分でミートソース秘密は塩麹	1701699
3・2・1簡単！リピート！塩こぶキャベツ	1341701
3分で出来る簡単塩麹漬け物	1699981
3分で出来る！きゅうりの塩こんぶ和え	1466110
500g瓶を使って簡単話題の塩麹作り	1516601
5分で完成キャベツの塩昆布あえ	1340661
5分で簡単ピリ辛！塩こんキャベツ	1490256
99．9％牛角の味！！塩キャベツ	1620536
BBQや即席肴に。簡単！車海老の塩焼き。	1588885
C級グルメずんだバー	1407840
GOPANで塩吹昆布お米パン	1356027
GREEN塩白和え	1458562
HB 塩麹パン	1699894
HBでちぎりメープル塩胡桃パン	1491963
HBで焼く 塩糀と白神こだま酵母パン	1514013
HMとクレイジーソルトで簡単！パン	1463912
HMふんわり焼きドーナツ塩麹濃チョコ	1700812
HM塩麹チョコ焼きドーナツ	1684776
Pトロを使った塩味炒めもの	1566352
QC・塩もみキャベツ	1593236
QC・鶏塩そば	1591131
RTPの塩麹	1316187
STAUB＊塩豚の新たま煮込み	1372600
W牛の塩焼きそば	1594533
myブームなの塩麹でトマトソース	1425693
my塩豆腐	1360227
mさんまの塩焼き〜香味ソース〜	1628589
ж豚肉のねぎ塩炒めж	1495887
”ねぎ入り塩なめたけ”｝わさび味	1402981
⁂家計の友⁂もやしと豚肉の塩炒め	1685282
≪サッパリ！キノコとセロリの塩焼きそば≫	1577700
■20分！鶏肉ときのこの塩昆布クリーム煮	1660256
■おむすび用の塩ごはん基本のレシピ■	1463203
■ご飯で簡単！鶏肉とコーンのうま塩雑炊■	1684295
■さっぱり、旨い！豚のねぎ塩生姜焼き■	1645483
■さっぱりしたい時に、豚のねぎ塩サラダ麺	1672735
■マジックソルトで！じゃが芋の薄切り炒め	1645601
■中華・海老とキャベツの塩にんにく炒め■	1651865
■塩昆布で鶏胸肉とレタス1個分の酢の物■	1636496
■塩鶏じゃが■	1675918
■塩麹 のパンプキンスープ■	1601714
■塩麹のお食事ブレッド■	1614674
■塩麹｝減塩バージョン基本のレシピ■	1615144
■旨い！いかとキャベツの塩バター焼うどん	1664866
■旨い！鶏肉とキャベツの塩にんにく炒め■	1664284
■木綿豆腐の塩麹炒め■	1675556
■甘くて、濃厚！かぼちゃの塩ミルク煮■	1639978
◆塩バニラココア◆	1643438
◆塩鶏天ぷら◆	1668872
◆塩麹あんトースト◆	1698500
◆塩麹豆腐◆	1651941
◆我が家の 鶏塩うどん◆	1368058
◆鶏むね肉de塩麹唐揚げ◆	1690385
◇にらと桜エビのもちもち塩チヂミ◇	1618443
◇塩こんぶ・梅のっけ奴	1594133
✤冷やし塩らーめん✤	1467514
✪白だしで塩焼きそば ✪	1552109
✰ブロッコリーとエビの塩炒め✰	1443215
✰豚肉ともやしのネギ塩炒め✰	1495910
✱鶏ハム✱クレイジ―ソルトで簡単 	1366481
✽ゆで豚をねぎ塩ガーリックソースで✽	1637547
✽サーモンのネギ塩ぽん✽	1599458
✽塩さばのみりん漬焼き柚子風味✽	1614837
✽塩昆布deまったり煮豆✽	1585760
✽新玉ねぎと塩昆布のナムル✽	1700318
✾さつま芋と塩昆布のサラダ✾	1473241
✿ 煮干・きゅうり・豆腐の塩ポン和え ✿	1452596
✿ 鶏の塩肉じゃが ✿ 	1452719
✿キャベツとピーマンの塩昆布あえ✿	1551728
✿キャベツの塩こんぶ和え✿	1454602
✿クリスピーな鶏塩唐揚げ✿	1601323
✿ピーマン＆塩昆布の簡単和え物✿	1605615
✿ブロッコリー＆卵のクレイジーソルト和え	1485658
✿塩もみキャベツのちくわハム巻き✿	1564508
✿塩昆布で 簡単サラダ✿	1465648
✿塩焼きオムそばめし✿	1427402
✿塩麹きのこで✿お豆腐のあつあつスープ	1675806
✿塩麹きのこで✿ぶっかけうどん	1679569
✿塩麹きのこで✿トースト	1676954
✿塩麹きのこで✿鱈のホイル焼き	1677991
✿塩麹きのこで作る✿厚揚げと白菜の煮物	1673817
✿塩麹で『吉〇家の白菜浅漬け』✿	1633019
✿塩麹で和洋中にも合う美味しい肉みそ✿	1677753
✿天かす×塩昆布おにぎり✿	1488356
✿天ぷらに大葉塩✿	1505615
✿新玉ねぎと春キャベツのなめ塩昆布和え✿	1425722
✿春ごはん❀桜の花の塩漬け＆桜海老で。	1383659
✿豚とお野菜の塩蒸し✿	1582021
✿食物繊維たっぷり✿ごぼうの塩きんぴら	1477464
✿鰹のたたきににんにく塩ダレをかけて✿	1424790
❀桜の塩漬けで春のおいなりさん❀	1414983
❀空豆と桜海老の塩炒め❀	1446190
❤3時のおやつに塩バターさつまいも❤	1578006
❤ほうれん草と豚肉の塩焼きそば	1606028
❤塩ダレ最高！もやしの塩ナムル❤	1424532
❤塩味卵うどん❤	1588209
❤明太塩あんかけ天津飯❤	1667122
❤簡単✿ネギ塩豚丼DO｝N❤	1348532
❤簡単アレンジで✿韓国風塩ラーメン❤	1368338
。カリカリ豚のねぎ塩チャーハン。	1380357
〈料法〉塩を使わないオクラの毛取り	1535331
《ネギ塩豚丼》	1615428
「サラダにごま塩」混ぜるだけ簡単野菜補給	1484494
「豆腐の塩漬け」でスモークサーモン巻き	1656420
「豆腐の塩漬け」に塩麹のねぎダレ和え	1656417
『しゃきしゃき根菜の塩昆布サラダ』	1380556
『オクラの塩昆布和え』	1588161
『セロリの塩昆布和え』	1380562
『塩レバー』ねぎ塩で	1578427
『塩鮭』ときゅうりのジンジャー酢の物	1526485
『桜の塩漬けの漬物』	1410429
『鶏の塩から揚げ』	1434055
【お弁当に】塩昆布deマカロニサラダ	1464180
【アレンジらーめん】具沢山しおラーメン	1607914
【シンプルパスタ】塩豚アマトリチャーナ	1376881
【保存食】カンタン塩豚！のちにベーコン。	1623545
【塩〆ポークグリル】	1409734
【塩鶏アレンジ】簡単海南鶏飯！！	1529412
【山東料理】湯葉と山東白菜の塩炒め	1468722
【杜氏流】キュウリの塩酒粕漬け	1497940
【来島海峡】レモンとバジルの塩ラーメン	1618872
【簡単】塩麹のクッキー	1682131
【簡単おつまみ】ゆかり塩豆腐	1444578
【糖質ゼロ】魚焼グリルでぶりカマの塩焼き	1666947
【農家のレシピ】なすの塩もみ	1519351
【農家のレシピ】れんこんの塩炒め	1651253
【農家のレシピ】ザーサイの塩抜き方法	1447591
【農家のレシピ】スナップエンドウの塩茹で	1452810
【農家のレシピ】ピーマンと砂肝の塩炒め	1525435
【農家のレシピ】万能塩だれ	1571863
【農家のレシピ】砂肝とニラの塩炒め	1619445
【農家のレシピ】鶏塩鍋	1638989
【食事療法】甘味料ゼロ塩きなこグラノーラ	1422685
【食事療法】簡単そば粉の塩きなこクッキー	1349114
【食養】ごま塩の作り方	1701004
【鶏と大根の塩治部煮】	1409739
〜キュウリとみょうがの塩揉み〜	1412420
あさりご飯 ｝塩コンブかけ｝	1342062
あさりとジャガ芋のおいしい塩麹スープ	1700034
あさりのうまみを塩味で味わう おかゆ	1666571
あさりの塩バター炒飯	1632291
あっさりこってり！？牛のネギ塩和え	1403423
あっさりだけど旨みたっぷり！塩焼きそば	1679165
あっさりヘルシーキャベツと塩こんぶで	1530401
あっさり中華風ピリ辛塩親子丼	1407101
あっさり塩ちゃんこ	1620640
あっさり塩バター鍋	1361488
あっさり塩味の豚ひれ肉のピカタ	1349446
あっさり塩味中華丼	1689873
あっさり塩味！しらすピザ	1378803
あっさり塩肉じゃが	1641303
あっさり塩麹チキンサンド	1706698
あっさり！鶏手羽元の塩唐揚げ	1411910
あっさり！！塩そばめし	1393170
あっという間に無くなる！白菜の塩昆布和え	1664732
あっという間に簡単！塩鮭の燻製	1598053
あとのせふわふわ卵！鮭と塩昆布チャーハン	1422669
あともう一品れんこんの塩きんぴら	1338468
あと一品におすすめ✿たまねぎの塩昆布和え	1525344
あと一品！白菜とオクラの塩昆布合え	1414028
あまったそうめんで作る塩ラーメン風煮麺	1366086
あま塩麹de春の香り菜の花のぬた和え風	1690890
あめ醤油の海苔巻きもち	1622389
あると便利！簡単塩豚	1430569
あると楽チン塩もみ野菜	1597794
あるものペペロンチーノ塩コンブ入り	1599065
あんこうと人参とせりの塩味和風煮物	1647085
いかとセロリの塩きんぴら	1606685
いか下足の塩唐揚げ	1508676
いか塩焼きそば	1353324
いか＆amp；きゅうりの簡単塩昆布あえ	1477262
いくら丼＠塩麹	1680329
いちごと塩麹	1659476
いつものうどんに｝塩昆布	1412629
いつものハンバーグに塩麹	1706758
いつもの塩やきそば	1413660
いなだ塩麹漬け	1678233
いわしのハーブソルト焼き	1515971
いわしの塩焼き	1650327
いんげん豆のクレイジーソルト＆醤油炒め✿	1605625
うすしおさつまいもチップス	1639982
うそっ？！話題の塩麹で魔法の焼き芋！	1664748
うちの塩さばの食べ方	1495202
うちの塩チャーシュー	1411909
うちの塩鍋	1649541
うちの塩鶏	1456469
うち中華｝チンゲン菜の塩炒め×中華卵がけ	1637667
うまいっ！塩昆布牛乳ご飯	1351234
うまうまピーマンの塩きんぴら風	1636603
うまうま手羽の塩焼き	1585081
うまうま！塩麹で白菜の大根おろし煮	1707608
うまっ！砂肝の塩麹ねぎダレ	1647728
うまっ！！ねぎ豚の塩炒め	1361192
うま塩きゃべつ	1337110
うま｝い塩だれで作るネギ塩豚丼	1400967
うりずん塩昆布	1668797
うるいの塩漬け 浅漬けです｝	1464259
えのきだけのマジックソルトチーズ焼き	1494197
えのきと白滝の塩昆布炒め	1342302
えびたっぷり塩味のえび玉	1668126
えびとブロッコリーの塩炒め	1460833
えびと菜の花の塩焼きそば	1399904
えびと野菜の牛ダシダ塩炒め	1429284
えびの塩麹焼き	1600612
えび塩	1419153
えび塩マーボー豆腐	1347275
え！？甘い？ゴマ塩チーズトースト	1471594
おいしいよ！あっさりネギ塩チキン	1648745
おうちでジューシー塩焼きとり	1446199
おうちで塩麹お塩控えめで	1696334
おうちで簡単鶏ネギ塩ラーメン	1473196
おうち居酒屋絶品！牛すじのネギ塩炒め	1385418
おかず、おつまみに作りおき！塩豚	1581678
おかずになれるよ ごましお＆マヨ  	1668209
おかずにもう一品きゅうりの塩昆布和え	1450132
おかずに！おつまみに！レンコン塩きんぴら	1642060
おかラカント胡麻とお塩のかりんとう	1341580
おさつスティック〜塩バター味〜	1622601
おさつ塩バター	1476506
おつまみ 塩キャベツ	1617299
おつまみにちくわの塩唐揚げ	1530078
おつまみにぴったり塩昆布キャベツ	1501167
おつまみにもライ麦塩味クッキー	1634168
おつまみにも塩昆布でじゃがいものお焼き	1702424
おつまみにキャベツの塩昆布和え	1604894
おつまみに最高塩唐揚げ	1679786
おつまみに最高！イイダコの塩唐揚げ	1623932
おつまみに最高！簡単な鶏の塩唐揚げ	1672572
おつまみに砂肝の塩唐揚げ	1585995
おつまみに砂肝の塩唐揚げ	1605496
おつまみアーモンドの塩味クッキー	1370068
おつまみピーマンとしめじの塩こぶ炒め	1412302
おつまみ・ダイエットに塩こんぶキャベツ	1447463
おつまみ塩鶏	1369021
おにぎり3大根葉＆塩昆布＆じゃこ＆ゴマ	1648392
おにぎりの具鮭・塩昆布・かつお節	1350459
おむすび＜天かす・塩昆布・白だし＞	1497591
おむすび＜柚子胡椒・塩昆布・白胡麻＞	1522127
おもち入り塩鶏と塩豚でご飯に合うポトフ	1375336
おやつにもおつまみにも、塩芋けんぴ	1401235
おろし玉ねぎで鶏塩焼き	1648996
お休みの日の朝食、塩パンのスパムサンド	1510002
お助け！白菜と塩昆布とベーコンのうま煮	1633434
お塩だけで旨いさつまいも炒め	1646177
お塩だけで旨いスナップエンドウ炒め	1501793
お塩だけで旨いブロッコリーの芯炒め	1443060
お塩だけで旨い絹さや炒め	1438006
お塩でフライド茄子	1416624
お塩の効いた肉豆腐	1548858
お好み野菜で塩麹のお漬物	1619691
お家で簡単に！ポテトチップス	1552636
お家にある乾物たちで、塩味春雨料理。	1500610
お家居酒屋もつ焼き塩ダレ	1431392
お家焼肉っお肉やわらか、さっぱり塩ダレ	1430729
お弁当おかず鶏肉とネギの塩コショウ焼き	1588436
お弁当きゅうりのごましお	1452824
お弁当に レンジで簡単サバの塩焼き	1351716
お弁当に…レンコンの塩焼き	1441213
お弁当に◆ピーマンとエノキの塩昆布和え◆	1347890
お弁当に✿いんげんの塩昆布和え	1634462
お弁当に。鶏胸肉の塩麹漬け。	1556381
お弁当にあと一品ピーマンの塩昆布和え	1599752
お弁当にきゅうりの塩揉みinしょうが	1596769
お弁当にちくわのクルクル 塩昆布＋マヨ焼	1423555
お弁当にのり塩スパゲティ	1498143
お弁当にもOK！キングサーモンの塩麹焼き	1487248
お弁当にもう一品のり塩ポテトサラダ	1396198
お弁当にも塩昆布とブロッコリーのサラダ	1375615
お弁当にも簡単ピーマンの塩昆布炒め	1613585
お弁当にも鶏と筍の塩麹で旨｝い炒め物	1693251
お弁当にも＊簡単ささげと塩昆布の和え物	1501266
お弁当にも｝ゆで塩鶏	1582275
お弁当にゆで卵ごま塩マヨグリル	1478110
お弁当にれんこんと鶏肉の塩きんぴら	1584815
お弁当にキャベツとかにかまの塩炒め	1382961
お弁当にチキンのクレイジーソルトソテー	1470989
お弁当にバジルと塩だけ＊ウィンナー炒め	1573933
お弁当にマジックソルトでじゃがチーズ	1702207
お弁当に・・ブロッコリーの塩炒め・・	1436101
お弁当に塩さばタンドリー	1360480
お弁当に塩昆布卵サラダ	1587407
お弁当に塩焼きうどん	1602625
お弁当に塩麹たまご	1621670
お弁当に海苔塩ポテト	1476158
お弁当に！ジャガイモと豚肉の塩炒め	1570796
お弁当に！簡単ピーマン塩昆布あえ＊	1502888
お弁当に＊塩唐揚げdeレモン唐揚げ	1494258
お弁当に＊葱と塩昆布の玉子焼＊	1700688
お弁当の定番、のり塩唐揚げ	1693788
お弁当の彩りにプチトマトのネギ塩和え	1379317
お弁当の隙間にピーマン・塩昆布もみもみ〜	1583106
お弁当ピーマン塩昆布	1598710
お弁当卵焼き卵1個ひとり分！	1351247
お弁当塩きゅうり	1608345
お弁当用の塩焼きそば	1501285
お弁当隙間おかず・ピーマンの塩もみ	1426894
お手軽塩ダレ	1350342
お手軽塩麹で蓮根のキンピラ	1689946
お手軽！クレイジーソルトno豆腐ステーキ	1390335
お手軽！レンジdeネギ塩チキン	1494494
お手軽！塩麹の和風ハンバーグ	1656845
お手軽！小松菜と小揚げの塩汁	1451309
お手軽！＊わかめtoちくわno塩炒め＊	1416658
お揚げさんと残り野菜の塩昆布炒め	1387700
お昼ご飯に。レタス＆じゃこのせ塩ラーメン	1447027
お椀で即席！塩麹味噌汁	1682220
お湯を注ぐだけ！塩麹で即席料亭風お吸い物	1688784
お焼肉屋さんの塩キャベツ！	1525700
お肉との相性抜群！ネギ塩ソース	1613902
お肉と野菜の塩マヨ炒め	1524228
お豆腐に、明太子と塩でヘルシーサラダ｝	1436715
お豆腐の塩麹漬け	1707825
お酒に合う！旨｝い！塩こしょうで鶏ハツ	1445136
お酢でさっぱり鶏塩スープ	1523632
お野菜たっぷり葉山ワカメの塩焼きそば	1371782
お魚ソーセージと白菜の旨塩昆布炒めあん	1337990
かおなしおにぎり！	1592966
かき菜としおきのこのあえ物	1385089
かしわの塩焼き	1534791
かつおを美味しくフライパンde塩たたき	1427454
かにとたまごの塩あんかけ	1462533
かに塩あんかけチャーハン	1465255
かぶちゃんの簡単塩揉み〜美味しいょ	1451727
かぶと塩昆布とすり胡麻の漬け物	1655121
かぶと青梗菜の塩麹炒め	1696842
かぶの塩麹漬けポンズ風味	1651104
かぶの簡単塩漬け	1622306
かぶの茎・葉の塩漬け シンプルに塩で	1642556
かぶの葉とじゃこの塩昆布あえ	1675514
かぶの葉と塩昆布和え	1439937
かぼちゃごま塩ラーマ	1600520
かぼちゃさつまいも塩麹入重ね煮ポタージュ	1685978
かぼちゃと大豆の塩蒸し煮	1591627
かぼちゃのガーリックソルトバター胡麻和え	1503946
かぼちゃのクレイジーソルトマヨチーズ和え	1572079
かぼちゃの塩バター	1406230
かぼちゃの塩味な煮物	540579
かぼちゃの塩昆布あえ	1442159
かぼちゃの塩昆布煮	1699233
かぼちゃの塩煮	1522819
かぼちゃの種 オリーブオイル＆塩味	1617823
かぼちゃの蜂蜜＆塩昆布の煮物	1553977
かまぼこと長芋の塩昆布炒め	1363723
からしきのこの塩豆腐	1337392
から揚げの旨みネギ塩ダレ	1643080
かりかり塩味フライドチキン	1345100
かんたん ウインナーとネギの塩焼き	1586095
かんたん 塩麹入りベジタリアンチェプチェ	1678613
かんたんなめ茸 塩麹バージョン	1639278
かんたん塩鮭料理	1341801
かんたん美味しい！塩こんぶきゅうり＊	1469494
かんたん！塩麹入り大根とホタテのサラダ	1686000
かんたん＆amp；無添加 塩麹入りみそラーメン	1674345
がっつり豚の塩ニンニク	1578865
きぬさやの塩炒め	1450554
きのこ to 塩麹 ナムル風	1673102
きのことベーコンのウメ塩昆布炒め	1607562
きのこと塩豆腐丼	1339646
きのこと鶏肉の蒸し料理 レモン塩で	1301927
きのこにクレイジーソルトだけ	1384517
きのこの塩漬けで ”レンコン塩きんぴら”	1374770
きのこの塩麹いため温玉のせ	1601678
きのこの塩麹漬け	1607028
きゃべつと卵と塩こしょうだけ！絶品副菜	1629555
きゅうりだけ｝塩昆布和え	1498817
きゅうりとさんまの塩昆布冷や汁	1417548
きゅうりとやまいもと塩麹の和え物	1426370
きゅうりとレタスのツナ塩昆布チャーハン	1655757
きゅうりと塩っぺの漬け物	1462461
きゅうりと塩コンブで簡単小鉢	1516372
きゅうりと塩昆布の白和え	1574563
きゅうりと大根の塩ナムル	1605986
きゅうりと木綿豆腐の塩麻婆	1493301
きゅうりと海苔のゴマ塩マヨ和え	1477696
きゅうりと納豆と塩昆布あえ	1399891
きゅうりと豆腐の塩ガーリックあんかけ❀	1513397
きゅうりの乱切り塩昆布	1478752
きゅうりの塩もみ	1202453
きゅうりの塩わさび漬け	1471144
きゅうりの塩昆布あえ	1643047
きゅうりの塩昆布チーズマヨ	1525385
きゅうりの塩昆布和え	1408884
きゅうりの塩昆布漬け	1614613
きゅうりの塩漬け	1466859
きゅうりの塩炒め	1414795
きゅうりの塩麹あえ	1482962
きゅうりの塩麹漬	1555080
きゅうりの塩麹漬け	1600610
きゅうりの塩麹漬け	1683829
きゅうりの簡単和え物	1446403
きゅうり揉み＠塩麹	1653969
きれいに「食べさせる」サンマの塩焼き	1569390
きんきを、マジックソルトで焼きました	1454979
くせになる！さつまいもの塩バター煮	1641670
くらこん塩こんぶの冷しゃぶ	1493742
くるみde簡単なんちゃって塩キャラメル	1373445
くるみとチーズの塩ケーキ	1358554
こくうま＊塩そぼろ丼の温玉のせ	1699363
こごみと塩コンブのあえ物	1448424
こごみと海苔の塩ナムル	1445710
こごみのごま塩和え	1460437
こっくり塩バター茄子エリンギ	1531786
こぶ茶でうまうま 海鮮塩やきそば	1672408
これは手放せない！『にんにく塩麹』	1658541
こんがり塩だれチキン＊	1449104
こんがり美味！塩麹＆味噌の焼きおにぎり	1632470
ごちそう気分。海鮮塩焼きそば	1569431
ごはんがすすむ！塩麹豚大根葉炒め	1662705
ごはんもビールも進みマス塩バタ肉じゃが	1686239
ごぼうつくねバーグ塩麹を加えて	1706637
ごぼうと生姜とじゃこの塩バターきんぴら	1347467
ごぼうの塩きんぴら	1117928
ごぼうの塩きんぴら	1168444
ごぼうの塩にんにくから揚げ	1456565
ごましおの使い方	1418058
ごまたっぷりと塩昆布のおにぎり	1451902
ごまたっぷり簡単＊鶏塩ちゃんこ＊	1617989
ごま塩きな粉ご飯	1534018
ごま塩とろろスープ	1437586
ごま塩とチーズのおにぎり	1580674
ごま塩クッキー	1584822
ごま塩ワラビ	1443138
ごま塩冷奴	1445411
ごま油と胡麻でニラともやしの塩焼きそば	1361152
ごま香る生ズッキーニの塩昆布和え	1507142
ごーだちーず×塩ラーメン。	1436785
ご飯お代わり！豚バラの塩炒め大葉風味	1570874
ご飯が進む！簡単ピーマン塩昆布炒め	1435724
ご飯にのっけてねぎ塩ナムル	1645864
ご飯のお供に塩麹で雪化粧の出し殻昆布	1694402
さくらんぼとクランチチョコの塩トースト	1475543
ささみとこしあぶらの塩昆布揚げ団子	1467019
ささみと小松菜と椎茸のおろし塩ぽん酢和え	1553548
ささみの塩だれ和え	1391062
ささみの塩麹漬けときのことトマトの炒め物	1646977
ささみの塩麹焼き ねぎ・わさび添え	1701352
ささみサラダ クレイジーソルト風味	1465838
ささ身とチンゲン菜の塩バター炒め	1692803
さっぱりキャベツ塩麹和え	1668796
さっぱりコクうま＊塩ゴマ和え	1694938
さっぱりチキンの塩ラーメン	1524870
さっぱり塩やきそば	244668
さっぱり塩コンブと夏野菜の即席漬け	1515198
さっぱり塩スパ！	1602459
さっぱり塩味のみょうが炒め	1497275
さっぱり塩味！鳥の煮物	1569985
さっぱり塩豚もやし	1536785
さっぱり明太あんかけ塩オムライス	1628946
さっぱり梅塩から揚げ	1586915
さっぱり牛タン塩焼き	1611041
さっぱり！きゅうりの汐ふきこんぶ漬け	1503798
さっぱり＊野菜と春雨のねぎ塩レモンサラダ	1513586
さつまいもで簡単おやつゴマ塩バター	1593034
さつまいもときゅうりとハムの塩麹サラダ	1639706
さつまいもとまいたけの天ぷら	1591247
さつまいもとセロリの葉塩炒め	1644255
さつまいもと人参の塩バター	1678086
さつまいもと塩昆布の炊き込みご飯	1593506
さつまいものほっこり塩焼き	1698810
さつまいもの塩きんぴら	1615903
さつまいもスティック−簡単塩カラメル−	1622126
さつまいも串天 クミン塩添え	1510398
さつま芋とセロリの塩バターきんぴら	1593051
さつま芋に蜂蜜＆塩かけただけ｝	1376170
さつま芋の塩キャラメルカナッペ	1367623
さつま芋＆塩昆布ご飯	1597132
さばの塩焼き	1519954
さばの塩焼き	1576467
さばの塩焼き	1671909
さば味噌より簡単胡麻味噌マヨ生姜風味塩鯖	1687523
さらり 焼き塩	1533851
さわらの塩焼き	1430658
さわらの塩焼き	1595528
さわらの塩野菜あんかけ	1647283
さんまにはおいしい塩焼き	1601668
さんまのぐるぐる塩焼き	1572607
さんまの塩焼き	1529124
ざくざくぱりぱり大根の豚バラ塩炒め	1396971
ざく切りキャベツと塩こんぶ	1495790
しいたけの肉詰め	1433031
しおあまGood塩甘酒	1501250
しおからこふきいも	1366715
しおきのこ	1385063
しおこんごぼう｝牛蒡と人参の塩昆布炒め	1596455
しおごまきなこクッキー	1398592
しおそぼろ豆腐どん	1427007
しおりんちのすし酢	1398996
しおれたパセリが復活！	1704931
しお味アイスプラントの春巻き	1479913
しお肉じゃが	1391206
しお鍋	1644287
ししとうとエリンギの塩炒め	1612273
ししとうの塩炒め	1534449
しその実の塩麹漬け	1616147
しっかり味の入った鶏むね肉de塩鶏唐揚げ	1450376
しっかり和食 塩味で白和え	1401377
しっかり塩味！甘じょっぱいきなこおにぎり	1503701
しめじとひよこ豆の塩麹ココット風	1690832
しめじとワカメの塩ねぎソース炒め	1634484
しめじと塩昆布のマヨソテーお弁当にも	1393097
しめじと豚肉の塩だれいため	1684211
しめじのシャキシャキ塩炒め	1699988
しゃきしゃきさっぱり焼ラーメン塩味	1669584
しゃきしゃき鮭の塩昆布サラダ	1495446
しゃきしゃき！レンコンの塩きんぴら	1386372
しょうゆ卵をのせて あっさり塩ラーメン	1638638
しらうおの柚子胡椒塩葱和え	1598655
しらすちりめんとルッコラのレモン塩和え	1654264
しらすの酢塩漬け	1593762
しらたき金平＠塩麹	1658921
じっくり熟成塩豚	1380317
じゃがいも✿塩昆布バター煮❤	1442308
じゃがいもとウインナーの塩麹和え	1697782
じゃがいもとキャベツのマヨ塩炒め	1331331
じゃがいもと絹さやの塩きんぴら	1603615
じゃがいものあっさり塩いため	1359314
じゃがいものスイート塩麹炒め	1588314
じゃがいもの塩昆布和え	1509701
じゃがいもの塩昆布炒め	1438051
じゃがいもコーンの塩こんぶおやき	1477890
じゃがいも塩ニンニク炒め〜	1596374
じゃがいも＆人参✿塩きんぴら❤	1668721
じゃが塩バターチーズのせ	1591373
じゃが芋の塩そぼろあんかけ	1339287
じゃこと塩こんぶの炊き込みご飯	1569012
じゃこと塩昆布を調味がわりに油揚げの巾着	1554664
すいかの白い部分で塩漬け	1520525
すぐできる 生いくらの塩・昆布茶 漬け	1601594
すぐできるもやしとニラの塩昆布炒め	1567269
すぐ簡単おつまみきゅうり塩ごま油ラー油	1572707
すごい旨さ！簡単、ぶりの塩麹漬焼き	1649972
すし酢と塩昆布で！コールスロー	1377822
すずきの塩焼き	1636888
すだちのコンフィ	1648601
すだち塩	1581186
ずいきの塩きんぴら	1513619
せせりの塩麹焼き	1689989
ぜんまいの塩ニンニクナムル	1392990
そうめんかぼちゃ・塩味でウマイ！	1513031
そうめん塩焼きそばみたいなそうめん	1486602
そら豆の塩昆布ごはん	1451482
たけのこと塩昆布の和風スパゲティー	1445638
たけのこ塩昆布の炊き込みご飯｝	1651433
たけのこ＆amp；魚肉ソーセージ＆amp；塩昆布のパスタ	1447010
たこときゅうりの塩麹マリネ	1552523
たこの塩麹カルパッチョ	1480752
たたききゅうりの塩昆布和え	1420943
たたき胡瓜のゴマ塩新生姜	1411340
ただ酒と塩と昆布で炊いただけのご飯	1455536
たっぷりオクラの塩焼きそば	1570706
たっぷりレタスと卵の塩麹炒め	1664984
たっぷり小松菜の塩麻婆	1670855
たっぷり野菜の塩昆布サラダ	1511619
たまな食堂の、基本の塩麹	1683969
たまにはね塩鯖のトマト煮	1495625
たらこソースで塩鶏の酒蒸し	1372990
たらこ＆大葉の塩焼きそば温玉のっけ	1531936
たらの芽のてんぷらは、花椒塩がおいしい	1446952
だしがらの塩昆布	1511937
だしとクレイジーソルトのトリコローレ	1457808
だしを取った後の昆布で“無添加塩こんぶ”	1677235
ちくわとあみえび 塩焼きそば	1552668
ちくわときゅうりの塩昆布和え	1502425
ちくわときゅうりの塩昆布和え	1554385
ちくわとエリンギのネギ塩バター炒め	1435877
ちくわと塩昆布の混ぜ混ぜご飯	1669842
ちくわのラー油ねぎ塩マヨチーズ焼き	1425816
ちくわの葱塩レモン炒め	1587471
ちまみサーモン・甘えびの塩麹和え	1667048
ちょい塩ココナッツミニアップルパイ	1670366
ちょっと一手間かけた、鯖の塩焼き	1384996
ちょっと変わった秋刀魚の塩焼き	1623270
ちょっぴり塩味。さくらのほろほろクッキー	1467403
ちょっぴり塩味！もっちもっち山菜おこわ	1362458
ちょー簡単塩鍋	1339825
ちょ｝しっとり塩鶏	1530915
ちょ｝絶品！！塩キャベツ	1430157
ちりめんネギ塩ラー油	1455317
つまみ食い！塩七味ごはん	1494922
とっても爽やか！夏野菜の塩和え＜だし風＞	1490906
とっても簡単塩ダレあんの天津飯	1643226
とっても簡単！黒糖＊塩クッキー	1470959
とびうおの塩焼き	1463381
とまらない｝白菜と塩昆布の天かすサラダ	1341086
とり肉の塩胡椒焼き	1511044
とり胸肉のうま塩鳥	1406113
とり胸肉の塩唐揚げ	1589718
とり軟骨とこんにゃくの塩コショウ炒め	1390088
とろ〜り半熟卵＠塩麹	1634821
とろとろ煮豚 塩だれ使用	1490962
とろろ塩昆布のお吸い物	1690928
とろん とろんな牛すじ塩おでん	1620889
とろーり塩バナナトースト	1473519
とろーり柔か！塩豚バラ。	1487204
とろ｝りチーズ豚バラ丼✿塩レモン味	1587404
とろ｝り半熟しおたまご	1362136
どこぞのお惣菜、納豆ねぎ塩ポーク	1499028
なすとピーマンの塩炒め	1701197
なすの塩もみ	1464913
なすの塩焼き	1471724
なすエリンギ重ね煮の塩麹入りみそ炒め	1671436
なっとく！塩キャラメルのマドレーヌ	1473849
なめことほうれん草の塩こうじ和え	1622512
なめこの塩麹炒めなめたけ風	1657535
なんこつの塩から揚げ	1386287
なんちゃってイタリアンさんまの塩焼き	1572482
なんちゃってモッツァレラ	1385033
なんちゃって精進料理 塩蒸し鶏	1686593
にら玉塩麹焼き	1676182
にんじんの塩グラッセ	1376856
にんじん塩昆布o）	1682015
にんにくの芽と豚バラで塩焼うどん	1646430
にんにくの芽塩しょうが炒め	1419401
にんにくの芽塩焼きそば	1502011
にんにくの芽＆豚肉の塩ダレ炒め	1490146
にんにく塩だれ	1375513
にんにく塩コショウ炒め	1622753
にんにく塩味！かぼちゃの豚バラ巻き	1612938
にんにく香る！きゅうりの塩麹ごま和え	1626861
ねぎたっぷり和風あったか豚塩そば	1377310
ねぎとろ＊塩にんにく	1637916
ねぎとトマトの塩麹ペペロンチーノ	1686919
ねぎのシンプル塩パスタ	1622583
ねぎ塩	1627885
ねぎ塩さつま	1628860
ねぎ塩しゃぶしゃぶ	1620444
ねぎ塩たれ	1702496
ねぎ塩つくね	1597556
ねぎ塩ぶた	1678376
ねぎ塩チーズのおにぎり	1591710
ねぎ塩レモンだれ	1419891
ねぎ塩冷や奴with韓国のり	1487555
ねぎ塩豚バラ丼	1391437
ねぎ塩豚丼	1624161
ねぎ塩麹だれ	1683333
ねぎ座布団の塩鶏のっけ	1383337
のせて巻くだけ塩麹海苔ご飯	1670170
のっけ丼＊ イカと塩昆布のぁぇ	1419996
のっけ丼＊ 野沢菜とまぐろの塩ごま油ぁぇ	1419978
のりしおポテチ風ポテトフライお弁当にも	1503934
のり塩ふりかけ	1495819
のり塩ポテト	1631377
のり塩餅	1471329
はちみつ塩キャラメルのレアチーズ	1357938
はちみつ容器で塩麹を作る	1701991
はまぐりスープ顆粒で塩豚汁！	1354207
はやとうり＆ピーマンの塩昆布炒め	1644862
はやとウリと、きゅうりの塩麹漬け	1645108
ぱぱっとおいしいねぎ塩豚丼	1375095
ぱぱっと簡単！ごちゃんの塩豚レモン丼	1470532
ぱぱ絶賛 塩唐揚げ	1449824
ひじきのナムルと豚肉の塩だれ焼き	1645737
ひじきの塩つくね＊	1489005
ひじきの煮物をアレンジ＊塩つくね＊	1590261
ひじき・キャベツ・人参の塩サラダ	1667968
ひじき入り塩豆腐ハンバーグ	1580175
ひじき豆の塩麹入リメイクキッシュ	1671408
ひとくちサイズのしおむすび	1681978
ひとつまみの塩で！喫茶店の珈琲	1286005
ひと口食べたら最後！みたらしおじゃが	1636255
ひらひら大根で塩昆布野菜炒め	1460192
ふっくらおいしい！魚の塩焼き	1579712
ふわとろ卵のネギ塩炒飯	1515568
ふわふわつくねの塩焼き	1690413
ふわふわとろとろ塩あんかけニラ玉	1457824
ふんわり卵の塩拉麺	1374526
ふんわり塩鶏の柚子こしょうマヨソース	1568219
ふんわり玉子焼きは塩麹入り	1694073
ぶたとズッキーニと塩こんぶ	1515541
ぶりかまの塩焼き	1566236
ぶりかまの塩焼き	1625448
ぶりかまの塩麹焼き	1707911
ぶりのしおやき	1673443
ぶりのカマ塩焼き	1682640
ぶりのニンニク塩焼き。	1385500
ぶりの塩焼き	1344662
ぶりの塩焼き❦さっぱりおろし＆柚子ポン❦	1625402
ぶりの塩焼きぶりうまぁ｝い	1628636
ぶりの塩焼き白だしでネギあんかけ	1518140
ぶりの塩麹漬け焼き	1692998
ぶりの塩麹漬焼	1679938
ぷりっぷり海老の味わい塩炒め	1474136
ぷりぷりえびと野菜の塩炒め	1389720
ぷりぷりホルモン＠ネギ塩で	1395444
ほうれんそうの塩麹炒め	1630530
ほうれん草とえのきの塩こぶサラダ	1361820
ほうれん草とスピルリナのニンニク塩スープ	1479108
ほうれん草と振り塩鮭の和え物	1351039
ほうれん草にクレイジーソルトだけ	1369452
ほうれん草の塩ニンニクナムル	1392991
ほうれん草の塩昆布和え	1385449
ほうれん草の白和え〜塩糀／甘糀〜	1691646
ほくほく塩麹かぼちゃ	1701611
ほたてとトマトの塩昆布あえ	1667600
ほたてのうましおラーメン	1630428
ほっくほく ゆりねと菜花の塩炒め	1347717
ほっくり塩麹肉じゃが	1676188
ほっこりあたたまる かぶの塩麹スープ	1689251
ほっこりシアワセ❤塩キャラメルラテ❤	1381895
ほんのり塩味 桜のスノーボール	1402101
ほんのり塩味パン耳クルトン	1620996
ほんのり塩味ポテトフライ	1572926
ほんのり塩味＊きな粉入りサクサククッキー	1505936
ほんのり柚子風味菜っぱの塩麹漬け	1675854
ほんのり苦味がいい大根の葉の塩昆布和え	1611073
ぽりぽり数の子塩昆布和え	1662694
まぐろと水菜のナムル風塩味	1515312
まぐろと長芋で塩にんにくソテー	1476181
まぐろの塩昆布〆め	749112
まさばの塩焼き、ベビーリーフ添え！	1697389
またおかわりっ！塩とごま油で蒸しあさり	1553074
まとめて作る我が家の塩豚	1448318
まるで宝石自家製イクラの塩漬け	1605179
まろやか塩麹鍋	1635093
まろやか＊塩ミルククッキー	1692571
まろやか＊塩茄子とチーズのおにぎり	1526487
まろやか＊塩麹＊	1682901
みずときゅうりと塩昆布のおつけもの	1468818
みのもんたの朝ズバッ！ 冷やし塩そうめん	1520457
みょうがとちくわの塩ごま和え	1524118
みょうがと胡瓜の塩ポン酢漬け	1592723
みるくクリーム＆塩アーモンドdeラスク	1390617
むきナスの香野菜塩炒め｝	1524291
むね肉とブロッコリーの塩麹炒め	1704272
むね肉ジューシィから揚げ塩麹で	1700959
めかじきとパプリカのマジックソルト炒め	1665471
めちゃ旨ッめちゃ簡単塩ダレキャベツ	1530956
めっちゃ簡単！ほうれんそうの塩昆布和え	1371418
もう1品！長ネギと人参の塩昆布炒め	1469347
もう一品 手間なしおつまみ	1467230
もう一品セロリの塩こぶ炒め	1600162
もずくと豆腐の塩旨煮	1611529
もずくの鶏塩ジンジャースープ	1637503
もちあわと切り干し大根の塩麹お焼き	1706768
もちもち！「クレープ・サレ」塩味クレープ	1693252
もっちもち！塩団子	1556068
もっちり、しゃき！れんこんの塩炒め	1405858
もやし✿揚げ玉＆塩昆布和え❤	1482852
もやしおかず	1477345
もやしお好み焼き みそソース添え	1484287
もやしとおくらの塩こんぶ和え｝梅風味｝	1691298
もやしとワカメのさっぱり塩ナムル	1619328
もやしと塩昆布の炒め物	1640675
もやしと海老のレモン塩炒め	1705446
もやしと豚肉の塩だれ炒め	1523212
もやしと豚肉の塩にんにく炒め	1497093
もやしの塩ニンニクナムル	1392993
もやしの塩昆布和え	1568343
もやしの塩昆布和え	1605741
もやしの塩麹ナムル	1666882
もやしの塩麹生姜炒め	1668859
もやし塩焼きそば	1619006
もやし｝キャベツ｝本格中華風塩焼きそば	1418842
もや塩こんぶ	1679376
やみつきっっ！！春キャベツの塩昆布和え	1444306
やみつき塩キャベツ	1396627
やみつき塩キャベツ	1420191
やみつき塩キャベツ	1432736
やめられない！止まらない！塩だれキャベツ	1496917
やわらかジューシーネギ塩チキン	1451879
やわらか塩豚煮おまけつき	1617994
やわらか塩鶏チキンカツ	1368001
ゆかりむすびと塩むすびできのこに見える？	1591214
ゆずと金ごま香る塩だれでしらす丼	1571650
ゆずと金ごま香る塩だれで作る大根サラダ	1697314
ゆずと金ごま香る塩だれ薬味たっぷり秋刀魚	1656701
ゆず塩らぁめんお手軽バージョン	1700102
ゆず塩味の唐揚げ	1704013
ゆず大根 シンプルに塩漬けです	1631483
ゆず茶でさっぱり 白菜の塩昆布和え	1676930
ゆず香る・・冬は白菜の塩麹漬け	1652297
ゆでずに簡単塩あずきベーグル	1567110
ゆでて塩もみ、夏さっぱりゴーヤサラダ	1528762
らっきょうの塩漬け	1430666
らっきょう漬け	1462335
れんこんとベーコンの塩きんぴら	1567082
れんこんのカレー塩焼き｝お弁当のおかず｝	1408965
れんこんの塩こしょう炒め	1675047
わかさぎの塩焼き	1576109
わかめの塩ごまスープ	1592649
わかめの塩炒め	1701222
わが家の味噌床。	1622865
わが家の塩ちゃんこ鍋。	1614481
わが家の定番 塩麹豚のミネストローネ	1606286
わさびとマヨチーズの塩昆布ご飯＊゜	1443829
わさびドレッシングー塩＆ダシー	1444219
わたしのシオ焼きそば	1439701
アスパラガスの塩昆布炒め	1423869
アツアツとろりとうふちくわのスープ・塩	1565234
アボカドときゅうりの塩ナムル❀	1510269
アボカドとトマトのヘルシー塩麹サラダ	1628755
アボカドとトマトの塩麹和え	1613049
アボカドと茸の塩昆布蒸し	1320176
アボカドねぎ塩丼	1639265
アボカドの塩麹和え	1686396
アボカドの塩麹漬け	1680387
アボカドの海苔塩。	1486269
アボカドサーモンの塩麹サラダ	1594510
アボカド塩バター	1387211
アボガドとトマトの塩麹和え	1705792
アボガドトマト塩昆布の混ぜご飯	1566517
アマダイの塩〆でお刺身2品	1640392
アラ簡単 ｝ 鮭のアラ煮	1479896
アレンジ自在色々きのこのピリ辛塩炒め＊。	1393958
アレンジ自在！塩豆腐の春巻	1611395
アレンジ自在！簡単ハーブ塩豚	1589410
アレンジ自在！豚バラブロック塩茹＠圧力鍋	1511370
アンチョビとレモンでオシャレ塩焼きそば	1600759
アーモンドパウダーde塩バニラクッキー	1454418
アーモンドラッシュ！な塩チョコケーキ	1624683
イカくんと青じそのガーリック塩チャーハン	1511579
イカで塩？ユッケ丼	1509274
イカとねぎの塩麹炒め	1655935
イカとアスパラの塩炒め	1528852
イカとアスパラの塩炒め	1643414
イカとニラの塩チヂミ	1626725
イカと野菜の中華風塩炒め	1436093
イカの塩からの焼き飯	1606081
イカの塩こうじ和え	1615123
イカの塩麹漬け丸焼き	1686214
イカわたルイベ＠塩こうじ漬け	1424596
イカネギ塩炒め	1657094
イクラの塩漬け	1620478
イタリアのクレイジーソルトサラモイア	1441140
イタリアンなラスクバジルソルト味	1418391
イタリアン塩焼きそば	1631785
イタリアーンな塩焼きそば	1486397
インゲンとちくわの塩炒め	1529536
インゲンと鶏肉のさっぱり塩ダレ炒め	1484563
インデアンのアピオスを塩茹	1358758
ウインナーときのこの塩炒め	1685732
ウインナーとキャベツの塩バター	1527572
ウインナーと野菜の塩コショウ炒め	1584440
ウインナーブロッコリーのハーブソルト蒸し	1604763
ウチの塩鶏ぞうすい	1342825
ウマ〜塩昆布のサラダ	1610115
エコラーメン鶏塩おでんの残り汁で	1704300
エシャロットと塩昆布で酒の肴	1682878
エビとアスパラのさっぱり塩炒め	1516916
エビとニラもやしの塩炒め卵入り！	1514035
エビとブロッコリーのうまうま塩炒め	1599539
エビとブロッコリーの塩炒め	1375600
エビとブロッコリーの塩炒め	1518241
エビのマジックソルトマヨネーズ焼き	1629861
エビの塩焼き	1648577
エビの塩焼きタルタルソース	1580671
エビ塩でピリ辛チャーハン	1489397
エリンギ×塩麹炒め	1662315
エリンギと絹さやのにんにく塩バター炒め	1672369
エリンギと豚の塩ダレ炒め	1676881
エリンギの塩漬け	1387252
オイジ	1491868
オカヒジキの塩コンブ炒め	1482567
オカンの塩豚バラ炒め	1532911
オクラとミョウガと塩こんぶ！	1553492
オクラと菊シャキとろ塩ごま油甘酢和え	1519606
オクラの塩ニンニクナムル	1392998
オクラの塩昆布和え	1596544
オクラの塩煎り	1431320
オススメ塩鯖で簡単サバごはん	1345611
オモニもやしの塩麹コチュジャン和え	1418324
オリーブの塩漬けdeパスタ	1660669
オリーブの塩漬けdeパン	1661229
オリーブオイルで！塩ちんすこう	1528265
オリーブオイル＆塩昆布on冷奴！	1670262
オレンジピールの塩チョコ	1357878
オーブンでサバの塩焼き	1364938
オーブンで焼く簡単「塩豚」	1341945
オーブントースターde塩麹ライ麦スコーン	1708040
カサゴの塩麹屋きw	1488754
カスピ海ヨーグルト＆塩こうじ	1681658
カナッペ たことお豆の塩麹とまと煮込み	1680506
カニかまと舞茸の塩胡椒マヨチーズ焼き	1603636
カニの旨味たっぷりポカ②塩あんかけ豆腐✿	1646757
カニ・トマト・ほうれん草のハーブ塩サラダ	1432457
カフェ風＊鶏しお雑炊	1703432
カブとエリンギ塩にんにく炒め	1639788
カブの塩昆布和え	1375141
カブの梅塩漬け	1687631
カブの皮の塩昆布モミモミ	1649032
カボチャの塩蒸し煮	1413194
カマスの開きを上品に！！塩麹焼き。	1497767
カマンベール入り塩焼きそば！	1496149
カマンベール入り野菜と塩昆布の浅漬け	1503684
カマンベール風？塩麹漬け焼き豆腐ステーキ	1628945
カマンベール＆塩こんぶの和風トースト	1505686
カラフル✽ピーマンとささ身の塩炒め	1578362
カリカリじゃことシシトウの塩炒め	1479407
カリカリ塩ピザ	1666018
カリカリ塩豆腐 de 大根サラダ	1631086
カリカリ手羽のジューシー味塩レモン	1701273
カリサク魅惑の塩トースト	1478984
カリッと美味しい手羽先の塩グリル焼き❤	1402082
カリッカリ！！塩キャラメルラスク	1504778
カリフラワーの花椒塩麹漬け	1644918
カレイとマジックソルトのムニエル	1521904
カレイと塩昆布と昆布茶と白だしの煮物	1430237
カレイのゆず塩焼き	1634082
カレイの唐揚げ風＠塩麹	1633704
カレイの塩焼き	1447104
カレイの塩煮	1346132
カレーソルト	1510589
カレー塩	1506910
カレー塩があうー！ゴーヤの天ぷら	1512326
カレー屋の塩漬け玉子ピクルス	1357372
ガッツリな鶏モモガーリック塩焼き	1416642
ガツンと塩豚！かんたん！豪快！	1522608
ガラ顆粒とオイスターソースで塩焼きそば！	1344947
ガリシア料理 塩漬け肉と蕪の葉の煮込み	1580930
ガーリック・ソルト・チキン	1371824
キノコとブロッコリーの塩バター炒め	1677040
キノコの塩漬け	1668730
キノコの塩麹マリネサラダ	1535942
キャべツとウインナーで塩パスタ	1612200
キャベツたっぷりあったかコク旨塩うどん	1578143
キャベツときゅうりの塩ナムル	1469372
キャベツとしめじの塩昆布和え お弁当に！	1415322
キャベツとなすの塩もみサラダ	1571178
キャベツともやしの塩昆布炒め	1671129
キャベツとわかめの塩味クッキー＊	1464868
キャベツとチーズの塩昆布和え	1673970
キャベツとドライトマトの海苔塩パスタ	1491338
キャベツとニンジンの塩麹漬け	1614218
キャベツとブロッコリーの塩麹和え	1666128
キャベツとベーコンの塩昆布パスタ	1342136
キャベツと塩こんぶのサラダ	1578266
キャベツと塩こんぶの浅漬け	1469119
キャベツと塩こんぶの絶品サラダミ	1383652
キャベツと塩コンブ、ツナ缶の和えもの	1647329
キャベツと塩昆布のパパッと和え	1594733
キャベツと塩昆布の浅漬け	1568891
キャベツと生姜と塩昆布のサラダ	1701130
キャベツと豚バラ塩炒め	1479569
キャベツと鶏肉の塩麹煮	1662196
キャベツのゴマ塩和え	1677283
キャベツの塩こんぶ和え	1468514
キャベツの塩コンちゃんぷるー	1524337
キャベツの塩コンブあえ	1490185
キャベツの塩昆布と太白胡麻油和え	1458984
キャベツの塩昆布マヨ和え	1436794
キャベツの塩昆布和え	1456660
キャベツの塩昆布和え	1673730
キャベツベーコンの塩トースト	1338564
キャベツ・大豆・塩昆布でもう一品	1324383
キャベツ塩漬け	1476188
キャラ弁ノリ塩ご飯DEツリー	1649155
キュウリと、塩昆布の漬物	1565236
キュウリとプチトマトの塩炒め	1438100
キュウリとベーコンの塩炒め	1526498
キュウリとミョウガの塩昆布揉み	1463854
キュウリの塩こんぶあえ	1619499
キュウリの塩こんぶ和え	1376806
キュウリの塩ナムル	1519502
キングサーモンと大根の塩だれサラダ	1491307
キンメの塩こんぶ蒸し	1501307
ギョーザの皮とチーズと塩昆布でおつまみ	1452256
クセになるよ！塩生クリーム	1505446
クセになる旨さ『塩砂肝』	1606709
クセになる甘じょっぱさメープル塩麹	1650840
クリームチーズの塩麹漬け	1657880
クレイジーソルトinミキサー	1625903
クレイジーソルト✿ポップコーン	1389325
クレイジーソルトだけ！簡単！鶏の丸焼き	1658668
クレイジーソルトで❤簡単きゅうりの浅漬け	1502107
クレイジーソルトで、ジャガレンコンもち	1654790
クレイジーソルトでシーフード焼きそば	1352655
クレイジーソルトでバジル＆トマトサラダ	1510361
クレイジーソルトで塩から揚げ	1477089
クレイジーソルトで塩焼きそば	1447510
クレイジーソルトで塩豆腐	1484332
クレイジーソルトで大変身！高級？ポテト	1697301
クレイジーソルトで大根と水菜のサラダ	1376927
クレイジーソルトで手作りソーセージ	1449101
クレイジーソルトで白から揚げ	1435752
クレイジーソルトで＊チキンソテー	1489268
クレイジーソルトのトースト	1661009
クレイジーソルトの塩豆腐でチャンプル	1484530
クレイジーソルトの塩豆腐でプチおつまみ	1511247
クレイジーソルトの塩豆腐で生春巻	1486075
クレイジーソルトの塩豆腐で豆腐ステーキ	1489571
クレイジーソルトを作ってみた＊．。．	1373798
クレイジーソルト枝豆	1654176
クレイジーソルト粉ふきいも	1518247
クレソンの塩ナムル。	1443274
グリルde塩焼き鶏	1438719
グリルで鶏モモの塩焼き	1579740
グリーンアスパラガスと卵の塩味炒め	1512767
グルクンの塩竜田	1619252
ゲランドの塩堪能オニオングラタンスープ	1696858
ココナツあんこチーズと塩こぶジャコチーズ	1359679
コラーゲンたっぷり 豚なんこつの塩煮込み	1431698
コラーゲンたっぷり塩ラーメン。	1625720
コラーゲンたっぷり牛筋の塩煮込み	1469600
コロコロモチモチチーズポテトin塩鮭	1372224
コンソメとのり塩ポテチ	1481565
コンビニで売られている殻付き塩ゆで卵	1680996
コーンと塩こんぶ！？のせのせ満足ご飯	1633999
ゴハンがススムねぎ塩チキン	1402799
ゴボウとピーマンの塩炒め	1676741
ゴマたっぷり！塩ダレ焼き肉	1354823
ゴマ塩でヌリカベ弁当｛＿´｛	1436110
ゴマ塩昆布おにぎり	1650799
ゴマ香る✿塩麹きのこ✿	1671880
ゴーヤと「お豆腐の塩漬け」のナムル	1564403
ゴーヤとお豆腐の塩炒めバジル風味	1527275
ゴーヤときゅうりのしおこんぶ和え	1501569
ゴーヤとなすの塩こんぶサラダ	1512355
ゴーヤと塩昆布	1493711
ゴーヤと挽肉で塩炒め＊カレー風味	1526156
ゴーヤと豚肉の塩焼きそば	1502813
ゴーヤの塩もみに鷹の爪	1532615
ゴーヤの塩昆布マヨ和え	1533224
ゴーヤの塩昆布和え	1565331
ゴーヤの塩炒め	1533659
サイコロステーキ丼塩ガーリック味	1686998
サクうま！ バジルとチーズの塩クッキー	1499444
サクっと揚げたて塩唐揚げ	1618937
サクサクさば塩の唐あげ	1583324
サクサク！ジューシー！塩唐揚げ	1368172
ササミと水菜と新玉ねぎの塩昆布和え	1354478
サッと焼きサーモンの塩もみ大根サラダ	1705470
サックリ塩こうじクッキー	1620382
サッパリそうめんwith梅＆amp；塩こんぶ	1490615
サッパリヘルシー蒸し塩ぶた	1588091
サッパリ味！男のトマト入り塩味麻婆茄子	1552394
サッパリ塩豚角煮	1652250
サッパリ！塩牛丼風	1696590
サッパリ！水菜と塩ぽん酢の上品おひたし	1654550
サッパリ！！塩昆布de和風焼きうどん	1706211
サッポロ一番ちゃんぽんで塩焼きそば	1595290
サッポロ一番塩ラーメンでカルボナーラ	1632229
サッポロ一番塩＋生姜＋ラー油ポカポカ冬麺	1665271
サツマイモとササミの汐ふき昆布蒸し	1606971
サツマイモパプリカ塩オリーブオイル焼き	1586891
サツマイモ・砂糖・塩だけで！芋ようかん	1597084
サツマイモ入り｝塩味・ひじきの煮物	1611019
サニーレタスのハーブソルト炒め	1486113
サバの塩焼き	1521138
サバの塩麹焼き	1405636
サラダクラブ 塩豆腐 もろみマヨドレ	1487475
サラダ屋さん風きゅうりのねぎ塩サラダ	1455093
サラダ油で塩胡麻ちんすこう風クッキー	1504030
サルでもできる！？炊飯器塩鶏	1495526
サンクゼールの魚介の塩焼きそば	1655176
サンマの塩焼き	1601030
サンマの塩焼き｝柚子胡椒添え｝	1555179
サンマの塩麹焼き	1600601
サーモンと塩キノコの新鮮サラダ	1422206
サーモンにぴったり塩麹とタイムのソース	1602451
サーモンの塩〆のカルパッチョ	1663613
サーモンの塩マリネ	1477225
サーモンの塩麹サラダ	1612442
サーモン＆アボカド×塩麹あえ	1671857
ザーサイ、真空パックを塩抜きして。	1400327
ザーサイの塩抜き	1360905
シイタケ塩麹	1689408
シェフ直伝さっぱりトマト入り塩味のもつ煮	1568679
シェフ直伝！塩味麻婆茄子豆腐春雨用ソース	1552296
シシトウのごま油いために花椒塩で風味づけ	1522514
シソの塩漬けおにぎり	1514967
シトラスマリネ たらの塩焼き	1362227
シャキシャキじゃがいもの塩昆布和え	1467413
シャキシャキオクラのにんにく塩昆布炒め	1525037
シャキシャキレタス＆エビの塩炒め	1410901
シャキシャキ水菜の塩昆布サラダ	1444043
シャキシャキ！塩きんぴら	1464783
シャクシャク系！？豆乳塩バニラプリン	1613455
シラウオ煮干しの塩昆布汁	1677897
シリコンスチーマーde塩豆腐ケーキⅠ	1319820
シリコンスチーマーde塩豆腐ケーキⅡ	1342345
シリコンスチーマーde塩豆腐ケーキⅢ	1344188
シリコンスチーマーde塩麹おかゆ	1703352
シリコンスチーマーで人参のゴマ塩麹和え	1700711
シリコンスチーマーで塩昆布キャベツ	1637092
シンプル。。。塩バタートースト	1574679
シンプルが1番旦那が好きな塩からあげ	1655074
シンプルが一番！蕪とおあげの塩炒め	1349907
シンプルが美味しい鶏とキャベツの塩鍋	1365283
シンプルな、胡瓜の塩漬け	1531554
シンプルに鶏ネギ塩山椒炒め 	1683637
シンプル塩にんにく唐揚げ	1692557
シンプル塩味ラスク	1579717
シンプル最高！豚ともやしの塩炒め	1399916
シンプル鶏ささみと塩昆布の串天	1505236
シンプル！かつお節＆amp；薬味で塩豆腐	1347649
シンプル！フライパンでさつま芋の塩焼き	1652802
シンプル！厚揚げの塩麹焼き生姜風味	1709146
シーチキン＊大豆＊醤油＊塩＊だ〜け	1670633
シーフードのネギ塩サラダ	1581411
シーフードミックスたっぷりネギ塩麹炒め	1661047
ジャガイモのそぼろ煮＠塩麹	1633733
ジャガイモの塩きんぴら	1508003
ジャガイモの塩炒め	1464148
ジャガイモの塩炒め しそチーズ判	1441075
ジャガイモチーズタルト	1688270
ジャガキャベ塩昆布バター	1570945
ジューシー。゜鶏胸肉のコク塩炒め	1386779
ジューシーで柔らかさくっと塩から揚げ	1346218
ジューシーわたし流簡単塩鶏	1374503
ジューシー塩唐揚げ	1617652
ジューシー塩鶏	1534614
ジューシー塩麹ベーコン	1699801
ジョニーで冷やし塩ぜんざい	1502253
スイカの塩麹漬け	1499740
スイカの皮の塩昆布漬け	1495649
スイスチャードのクレイジーソルト炒め	1413783
スタミナ塩焼きソバ	1480121
スタミナ満点 鶏肉 の塩だれ焼き	1494478
スタミナ満点！塩麹でにんにく鳥塩鍋	1618829
スタミナ源たれでまぐろソテー。	1460519
スタミナ源たれで焼肉用ネギダレ	1454334
スタミナ＊ネギ塩豚丼	1528713
スティックパイ クレイジーソルト味	1575074
ストウブで塩麹煮豚	1708595
スナップえんどうの塩バター炒め	1441894
スナップエンドウと帆立の塩酢炒め	1456583
スナップエンドウと蕪の梅塩麹和え	1705081
スピードおかず 豚肉と長芋の大葉塩炒め	1517249
スピード塩キャベツ	1570961
スペアリブと野菜の塩鍋	1371907
スマートチーズwith塩豆腐	1341705
スマートチーズと塩昆布のおむすび	1336733
スマートチーズ入りサッポロ一番塩らーめん	1683859
スモークサーモンとルッコラのレモン塩和え	1654265
スーチカー	1463181
スープまで飲み干す海老だんごの塩鍋	1698667
ズッキーニと牛カルビの塩焼き。	1489145
ズッキーニの塩昆布炒め	1591453
ズッキーニの塩漬けのオリーブオイル焼き	1378873
セロリとイカの塩炒め	1401069
セロリとトマトの塩昆布和え	1621817
セロリと塩こんぶ和え物	1373594
セロリと豚肉の塩こしょう炒め	1308606
セロリと鶏ささ身の塩炒め	1633872
セロリと鶏肉で！？簡単・コクあり塩炒め	1643166
セロリの塩麹なめたけ漬け	1708558
セロリの粕漬・塩糀	1687204
セロリの葉と塩昆布のゆかり漬け	1452087
セロリの葉と茎の塩漬け	1365510
セロリの葉・塩昆布・ゆかりの漬けもの	1427735
セロリ葉ソース塩豚	1629074
ソルトシナモンみるくティー	1595921
ソルトチキン	1669960
ソルトハニーバターラスク	1415842
ソルトリーフの中華スープ	1377462
ソルト＊クッキー	1705521
ソーダ鰹は美味しい！塩うずわ	1668449
タジン鍋DEイトヨリダイ塩蒸し	1602824
タジン鍋で豚肉の塩トマ蒸	1415915
タラ＆しめじ✿塩昆布ホイル焼き❤	1666481
タルタルソースで！塩さばのムニエル風	1568419
タン塩 とろろがけご飯	1505947
タン塩レモン焼きそば	1579347
ターサイのなばなと塩かつおのパスタ	1379261
ダイエットかぶとキノコの塩昆布蒸し	1499398
ダイエットに塩麹入おからサラダ	1690523
ダイエット！野菜ばっかり塩ラーメン	1463277
ダシの素でウマウマ塩そうめん	1507188
ダシダで【塩あんかけ】チャーハン	1594132
ダシダを使って塩鶏うどん＊	1461869
チキンのレモン塩だれ焼き	1519312
チキンの塩麹ガーリックソテー	1672870
チャイニーズブロッコリーのにんにく塩炒め	1342236
チャーシューいらず塩豚豚骨ラーメン	1650223
チンゲンサイと豚の塩ダレ炒め	1623257
チンゲンサイのミルク煮 塩麹仕立て	1701119
チンゲン菜が美味しいシンプル塩炒め	1371806
チンゲン菜とたまごの塩炒め	1392058
チンゲン菜とツブ貝の塩炒め	1363504
チンゲン菜と海老の塩炒め	1401476
チンゲン菜の塩なめこ	1606458
チンゲン菜の塩麹豆乳ダレ和え	1692982
チーズがとろ｝り簡単！塩豆腐ステーキ	1390568
チーズと塩コンブむすび	1417884
チーズと塩昆布の混ぜご飯	1442114
チーズと塩昆布の炊き込みご飯	1406124
チーズと福神漬けとゴマ塩のおにぎり	1607824
チーズほろうまねばとろ塩昆布納豆ごはん	1439185
ツナとほうれん草の塩昆布パスタ	1696579
ツナとアスパラの塩バターパスタ	1396631
ツナとキャベツのハーブソルトパスタ	1440427
ツナと塩こんぶのチャーハン	1496104
ツナと塩昆布でポテトサラダ	1610874
ツナと塩昆布スパゲティ	1351555
テンペの塩麹ガーリックソテー	1706334
トウモロコシと塩鮭の炊き込みご飯	1516232
トマジューinソルト	1475202
トマト ＆amp； 塩麹	1413769
トマトon塩昆布	1401320
トマトときゅうりの旨塩サラダ	1497779
トマトとシソの塩麹和え	1700478
トマトとマジックソルトの酢オイルサラダ	1433895
トマトとレタスとクリームチーズの塩サラダ	1392176
トマトと塩豆腐のニラだれ和え✿	1528224
トマトと塩麹とオリーブオイル	1551760
トマトのクレイジーソルトマヨネーズ和え	1647793
トマトの塩コンブ乗せ	1708869
トマトの塩マフィン	1517223
トマトの塩昆布和え	1616105
トマトクレイジーソルトオリーブオイル和え	1708138
トマト＆セロリ塩炒め	1489814
トリュフソルトのパンチェッタ	1498979
トリュフ塩おにぎり	1618516
トントロの塩胡椒炒めにんじんの鳥	1457219
トースターdeのり塩蓮根幼児のおやつ	1349975
トースターでチン！椎茸の塩のりトロロ焼き	1509279
トースターで焼くだけ塩さば	1386632
トースターで胡桃と塩餡子の和風クッキー	1655889
ドライフルーツ on 塩ヨーグルトアイス	1563875
ナスと塩昆布	1342992
ナスの塩もみ	1531851
ナスの塩漬	1458162
ナスの皮で箸休め塩麹漬	1699516
ナス塩バラ！	1567231
ニジマスの塩焼き	1486667
ニラたっっぷり！春雨の塩ニンニク炒め	1462240
ニラとネギのシャキシャキ塩焼きそば	1603257
ニラもやしとチャーシューの塩炒め	1413193
ニンジンのうま塩炒め	1552254
ニンニクが決め手！ホウレンソウの塩ナムル	1374996
ニンニクたっぷり簡単＊鶏塩にんにく鍋＊	1637663
ニンニクの芽とトントロの塩炒め	1682383
ニンニクの香りが食欲そそる塩炒め	1419199
ニンニク風味の、塩豚と大根・人参の煮物	1392082
ネギと厚揚げの塩麹でうま煮	1689949
ネギと塩コンブでしっとり焼きうどん	1361190
ネギの塩だれ	1612010
ネギ塩えびアボカド丼	1420668
ネギ塩お肉がアッサリ食べられます！	1647893
ネギ塩たっぷり豚肉の味噌炒め	1409559
ネギ塩たれ88	1674629
ネギ塩だれ	1503588
ネギ塩だれ	1578944
ネギ塩だれの焼肉丼	1388065
ネギ塩だれトンカツ	1622604
ネギ塩の玉子焼き	1699184
ネギ塩ダレ	1339823
ネギ塩トマたまラーメン	1659239
ネギ塩ブゥーちゃん	1694553
ネギ塩ブタ肉丼	1527510
ネギ塩レモンダレで❤ブリの塩焼	1598357
ネギ塩レモンダレで豚肉ときのこ炒め	1389757
ネギ塩丼	1617188
ネギ塩豆腐✿	1567588
ネギ塩豚丼	1458837
ネギ塩豚丼もやしでボリュームup	1443525
ネギ塩鶏丼	1516527
ネバネバ塩昆布さん。	1532508
ネパール風ささみ塩麹ターメリック天ぷら	1691285
ノンオイル■さっぱり■塩麹deシーザー風	1687962
ノンオイルお餅de塩おかき	1360147
ノンオイルドレッシング＋塩豆腐 ディップ	1352058
ノンオイル塩麹入りのシンプルパン	1683151
ハスカップ塩漬け	1490835
ハチクロおうちレシピ✿から揚げ＋塩麹❤ 	1707820
ハツの自家製旨塩ダレ焼き	1691873
ハニ—ジンジャー＊塩てりやきチキン	1696059
ハマった］］塩麹で甘塩ご飯	1669607
ハマチのたたき＆塩焼き	1344309
ハマチの塩麹焼きoo	1704782
ハムと塩昆布の塩きゃべつ。。	1555166
ハムと春野菜のさっぱり塩炒め	1435001
ハムと長ネギの簡単塩炒め	1581697
ハート型塩豆腐おもてなしのもう一品	1346141
ハーブが香る・塩鶏から揚げ	1626708
ハーブソルトdeほっけオリーヴオイル焼き	1649732
ハーブソルトのフォカッチャ	1352018
ハーブ塩と麺つゆでイカの姿焼き	1557305
ハーブ塩豚	1572646
ハーブ塩豚	1662002
ハーブ塩豚でトマト煮込み	1589405
ハーブ塩豚とゴロゴロ野菜のオーブン蒸し	1381657
ハーブ増量でハーブソルト	1495367
バカうま！アンチョビ＆amp；ねぎ塩キャベツ	1366101
バジルの保存方法バジルの塩漬け	1555150
バジルの葉の塩漬け｝	1586141
バジルソルトチキン	1642520
バジル保存 バジルソルト	1565664
バジル塩つくね	1681796
バジル風味鶏の塩唐揚げ	1471100
バター風味の野菜塩スープ	1583739
バター香る塩肉じゃが	1442130
バナナとほうれん草の塩キャラメルパフェ	1641918
バレンタインにハッサク味と塩味べっ甲飴	1342087
バーボン党のメープルソルトピーカン	1385169
パイナップルの塩クッキー	1410965
パサつかない！ふんわりアジの塩焼き	1508317
パスタでぶっかけ塩角煮！	1444781
パパッと ツナと塩こぶの混ぜご飯	1507597
パパッとキャベツの塩昆布和え	1508984
パパッと塩キャベ	1612491
パパッと塩麹	1656763
パパッと漬物きゅうりとみょうがの塩もみ	1564510
パパッと鶏肉のネギ塩炒め	1669782
パプリカとささみのマジックソルト和え	1595336
パプリカの旨塩コンソメ	1595457
パリッッ！手羽塩	1063864
パリッ！うまっ！しおキャベツ	1437543
パリパリ クリスピーピザ 塩味	1488047
パリパリが止まらない＞＜塩ラッキョウ	1460500
パリパリ皮が美味しい グリル塩チキン	1691600
パリパリ鶏の塩焼き	1390047
パリパリ！塩あんかけサラダ	1514757
ヒジキ×塩×胡椒	1357304
ヒラメのピリ辛塩昆布和え	1373981
ヒラメの塩昆布漬けの香味野菜和え	1415385
ヒロッコの塩炒め	1434192
ビニールde便利な塩もみキュウリ	1395441
ビンチョウマグロの塩麹焼き｝	1566033
ビールによっしゃ｝！塩味バナナチップ	1493192
ビールに合うささげの塩炒め	1534154
ピリ辛きゅうりと塩こんぶの和え物	1658436
ピリ辛塩焼きスパゲティ	1481615
ピリ辛！ 塩辛	1510190
ピーマンwith塩昆布	1502419
ピーマンしおこんぶー✿	1407332
ピーマンちくわの塩昆布和え	1516891
ピーマンとじゃがいもの塩きんぴら	1583938
ピーマンとウインナーのソルト＆ペッパー	1518327
ピーマンとゴボウの塩きんぴら	1682732
ピーマンと人参の塩きんぴら。	1682080
ピーマンと人参の塩昆布和え	1612259
ピーマンと塩こんぶの浅漬けサラダ	1433064
ピーマンと塩昆布だけ！！こんぴ｝	1500499
ピーマンと塩昆布のカラフルおむすび	1610751
ピーマンと舞茸の塩昆布炒め	1481629
ピーマンと豚肉の塩カレー炒め。	1369641
ピーマンの塩こんぶ和え	1368429
ピーマンの塩こんぶ和え	1453511
ピーマンの塩こんぶ和え	1472229
ピーマンの塩昆布あえ	1606657
ピーマンの塩昆布和え	1449590
ピーマンの塩昆布和え	1485508
ピーマンの塩昆布炒め	1415717
ピーマンの塩昆布炒め	1431737
ピーマンの塩昆布炒め	1463030
ピーマンの塩昆布炒め！	1444618
ピーマンの塩焼き｝！！	1427770
ピーマン塩昆布	1475785
ピーマン塩昆布あえ	1633946
ピーマン嫌い克服豚肉のにんにく塩炒め	1293412
フライド里芋のカレーソルト	1390668
フライパンで本格中華！五目塩焼そば	1651197
フライパンで簡単塩鶏	1530352
フライパンで！塩鮭のレモンホイル蒸し	1607302
フワッ、トロッ、美味っ！金目の塩焼き	1575296
ブラック＆amp；ホワイト塩チョコビスコッティ	1457427
ブリかまの塩焼きと有次のすえひろ	1589833
ブリと野菜の焼き浸し	1684699
ブリの塩焼き	1663257
ブリの塩焼き青じそバター風味。	1340370
ブリの塩麹しょうが焼き	1622349
ブリの塩麹焼き	1701978
ブロッコリーといかのバター塩炒め	1644014
ブロッコリーといかの塩炒め	1345514
ブロッコリーとトマトと汐くらげのサラダ	1528406
ブロッコリーと豚バラ肉の塩炒め	1584850
ブロッコリーと鶏肉のレモン塩炒め	1374683
ブロッコリーの塩ゆで	1452504
ブロッコリーの塩昆布マヨ和え	1459797
ブロッコリーの塩麹和え	1653380
ブロッコリーの芯の塩麹和え	1647626
ブロッコリーの茎とセロリの塩炒め	1681713
ブロッコリーの茎の塩きんぴら	1571943
ブロッコリーの茎の塩麹漬け	1689173
ブロッコリーの茎＋塩昆布の小さな1品	1456002
ブロッコリー塩こぶ和え	1644894
ブロッコリー白ごま塩麹和え	1629196
プチおでん？旨塩スジ大根	1432897
プリプリエビとブロッコリーの塩炒め	1421591
プレーンな食パン＠塩麹	1678437
プレ農家めし◆超簡単！乾燥麹で自家製塩麹	1645694
プロの味なのでは！？塩チョコクッキー	1364078
ヘルシオでチューリップの塩焼き	1405480
ヘルシオで簡単塩鮭のちゃんちゃん焼き風	1354056
ヘルシー 塩麹だいこんハンバーグ	1667907
ヘルシーしらたきの塩やきそば風	1472928
ヘルシーだけど大満足塩豆腐ドッグ	1366818
ヘルシーレモン塩焼き蕎麦	1595188
ヘルシー塩そぼろ	1406971
ヘルシー塩豆腐ピザ	1626132
ヘルシー鶏むね肉のネギ塩ソテー	1524697
ヘルシー鶏胸肉でしっとり柔らか塩鶏	1389066
ヘルシー！えのきと塩昆布のさっと煮	1590886
ヘルシー！ごぼうとベーコンの塩炒め	1622796
ヘルシー！にんじんの塩昆布漬け	1590871
ヘルシー！ゆで卵の塩麹漬け	1622771
ヘルシー！塩ナムルちゃんぽん	1598017
ヘルシー！塩納豆	1361092
ヘルシー！塩豆腐とひじきの白和え風	1355611
ヘルシー！塩辛い鮭をマイルドに	1502055
ヘルシー！大根の塩昆布漬け	1386383
ヘルシー！小松菜の塩昆布和え	1434244
ヘルシー！春キャベツと塩昆布のあっさり漬	1422780
ヘルシー！白滝と塩昆布のさっと煮	1573713
ヘルシー＆カサ増しおからdeつくねバーグ	1480403
ヘルシー＊とり塩ハンバーグ＊	1514229
ベジタリアン塩焼きそば	1634107
ベビーホタテのネギ塩焼き	1424704
ベーコンと塩キノコのトマトソースパスタ	1463976
ベーコンと山芋と小松菜の塩にんにく炒め	1459341
ベーコンの塩角煮＋。	1456268
ベーコンポテトのソルト＆ペッパー炒め	1481527
ペッパーまぶしの塩鶏サラダ仕立て	1563864
ペパーミントソルト水	1494672
ペースト状の塩麹	1687489
ホウボウの塩麹焼きw	1486069
ホウレンソウの塩麹和え	1630184
ホク②❤安納芋のツナ和え＊黒胡麻と塩で＊	1647398
ホタテとゴーヤーの塩炒め	1510628
ホタテとスナップインゲンの塩炒め	1378248
ホタテとチンゲン菜の塩炒め	1396072
ホタテ好きは是非！！生ホタテの塩麹焼きw	1489611
ホッとひと息ほんわり塩ミルク	1624824
ホットケーキミックスで塩麹ケークサレ	1629534
ホワンミーの一口塩豆腐	1341624
ホワンミーの塩豆腐	1341386
ホワンミー塩豆腐のコロコロサラダ	1341462
ホワンミー塩豆腐のバジルソース和え	1341586
ホワンミー塩豆腐のプチサンド	1341426
ホワンミー塩豆腐の焼きえびのせ	1341600
ポッサム	1532525
ポッサム、サムギョプサル用塩豚＠韓国	1355358
ポン酢と塩コショーの酢ッパイシーサラダ	1609506
ポン酢と粉チーズと塩昆布で白菜サラダ	1426075
ポン酢ジュレ風塩豆腐とアボガドサラダ	1520661
ポークソテーねぎ塩で	1678977
マカロニポテトサラダ＊塩麹でマヨ減＊	1690622
マクロビ塩サブレ	1661198
マグマ塩のレンコン炒め	1346281
マグロとねぎのゆず塩	1706976
マグロのカルパッチョ最高の天然塩で	1619534
マグロの塩昆布醤油和え	1637857
マジックソルト ベーコンエピ	1467767
マジックソルトdeチキンきのこホイル焼き	1535710
マジックソルトが決め手！白菜のクリーム煮	1535724
マジックソルトで ハムチーズトースト	1435462
マジックソルトで 目玉焼きトースト	1425606
マジックソルトで、ねぎとアスパラのパスタ	1623603
マジックソルトで、夏のポークソテー	1509161
マジックソルトでお手軽洋風リゾット	1614288
マジックソルトでマグロのムニエル風	1513972
マジックソルトで少し変わったそうめん	1536503
マジックソルトで温野菜のツナ和え 	1532117
マジックソルトで簡単スープ	1535701
マジックソルトで美味しい鮭のホイル焼き	1468407
マジックソルトで！鶏ハム＆キャベツ蒸し煮	1642550
マジックソルトのおにぎり	1313576
マジックソルトの揚げないポテト	1493316
マジックソルト風味クルトン	1388449
マックのアイコンチキン＊ソルト＆レモン	1641051
マッシュルームでアヒージョ風塩ナムル。	1388804
マッシュルームの塩麹漬け	1683822
マヨネーズなし！塩豆腐で胡麻ディップ	1381146
マルちゃん塩焼きそばで塩あんかけ焼きそば	1470366
マロン餡子クリームの塩マシュマロトースト	1387295
マーガリンで✿エリンギ塩バター✿	1589469
ミズの塩胡椒炒め	1582672
ミニトマトと豚肉の塩だれ炒め	1566729
ミョウガと大葉でレモン塩パスタ｝	1511347
ミルメークトースト＊塩キャラメル味	1671899
ムネとモモで＊鶏のから揚げ！塩コショウ味	1348265
メインに。塩胡椒だけのチキン❤	1373696
メチャうま切り干し大根と塩昆布	1623777
メニューに困ったら！塩焼き	1525779
メンマ入りの塩昆布卵焼き	1626983
モヤシ・オクラと塩豆腐ゴマぽん和え	1503410
モリモリ食べたい！塩バターほうれん草	1374742
モリモリ食べられちゃう塩キャベツ	1623415
モロッコいんげんの塩ナムル。	1441606
モロヘイヤとトマトの塩麹和え｝山葵風味｝	1533917
モロヘイヤとピーマンの塩コンブ炒め	1503032
ヤングコーンのクレイジーソルト和え	1616107
ヨーグルトde栄養ドリンク	1686779
ヨーグルトにメープル塩麹	1690244
ヨーグルトドレッシング ハーブソルト	1586344
ラクラク・スペアリブとトックの塩ダレ	1499885
ラッキョウの塩漬け	1479018
ラディッシュの簡単クレイジーソルトソテー	1668002
ラム肉とアスパラの塩コショウ炒め	1473165
ランチにもあっさり塩親子丼	1516830
ランチに簡単＊塩天丼	1461348
ラーメンの余ったスープで塩鍋	1672434
ラーメン進む中華塩スープ＊	1440181
ラー油きくらげの塩焼きそば	1556473
ラー油ねぎ塩チャーハン	1425617
リケンくせになるうま塩でからあげ！！！	1655485
リラックス効果＆胃痛桜の花の塩漬け大根	1425265
ルクエdeさばの塩麹蒸し	1670584
ルクエdeもやしのクレイジーソルト和え	1480856
ルクエde塩麹あん餅	1670583
ルクエde塩麹おもち	1666110
ルクエde簡単ブロッコリーの梅塩昆布和え	1507125
ルクエde｝塩味スイートポテト｝	1586761
ルクエでかす汁みたいな塩麹蒸し	1413433
ルクエでしいたけの塩昆布和え	1392074
ルクエでサツマイモの塩サラダ 	1583985
ルクエで塩鶏	1384736
ルクエで簡単塩昆布とゆかりのピラフ	1464584
ルクエで簡単塩麹で塩鶏鶏もも肉	1648258
ルクエで簡単！鰆のクレイジーソルト蒸し	1359415
ルクエスチームロースターでいさきの塩焼き	1467848
ルクエ使って｝塩ポテトサラダ｝	1414710
ルッコラのイタリアンな塩ラーメン	1458680
レタスとえのき茸のゴマ塩炒め	1641807
レタスときゅうりの塩昆布じゃこ和え	1482053
レタスとトマトと卵の塩炒め	1586629
レタスとホタテの塩昆布合えサラダ	1658446
レタスと塩昆布のさっと炒め	1455969
レタスと牛肉の塩焼きそば	1632564
レタスと豚肉のガーリック塩焼きそば	1491653
レタス塩コショウだけ	1528814
レトルト塩ラーメン・ケチャップキムチ！	1628233
レモンが決め手！胸肉と長ネギの旨塩焼き	1691758
レモンとかぼすの塩漬け	1598909
レモンと昆布茶であっさりネギ塩豚丼	1513830
レモンの塩漬け	1356536
レモンペッパー！塩だれ豚	1607001
レモン塩もみキャベツ	1368528
レモン塩鶏のからあげ	1359175
レモン風味の塩回鍋肉	1453788
レンコンとさつまいもの塩バターきんぴら	1705573
レンコンと菜の花の塩炒め	1369253
レンコンと豚スペアリブの塩煮込み	1337426
レンコンと豚バラ肉の塩スープ	1587155
レンコンなのにっのり塩ポテチ？！	1655311
レンコンの塩きんぴら	1412160
レンコンの塩コショウ炒め	1679009
レンコンの塩バター炒め	1654839
レンコンの塩炒め	1416633
レンコンの鶏肉詰め【塩味・照り焼き味】	1438678
レンコン・ちくわ・塩昆布炒め	1355212
レンジ2分でぽりぽり塩昆布セロリ！	1433179
レンジ5分で塩鶏ならぬ梅鶏	1486457
レンジde塩鶏のちゃちゃっと！唐揚げ風	1460006
レンジで1分！茄子と塩昆布の浅漬け	1426339
レンジで3分②塩鶏ならぬ塩ササミ	1382726
レンジで3分！柔らかささみの塩コショウ	1375334
レンジで5分せせりのネギ塩	1673523
レンジで5分塩豚のキュウリ巻き梅肉添え	1704812
レンジでもう1品のり塩ポテト	1597541
レンジでもやしのネギ塩しめじ和え	1606451
レンジでパパっと！のり塩ポテト。	1497661
レンジで塩きのこ	1497044
レンジで簡単かぼちゃの塩バター	1473302
レンジで簡単めちゃ旨！塩焼きそば	1464529
レンジで簡単ササミのねぎ塩	1435601
レンジで簡単葱塩｝なめたけ	1486516
レンジで蜂蜜塩鶏	1377515
レンジで青梗菜と海苔の塩ニンニク和え	1410291
レンジ＆粒あんde時短！塩麹入りぜんざい	1666104
レンチン可塩豚と白菜の重ね蒸し	1355915
レンチン砂肝、アスパラの塩コショウ和え	1699802
ローカロリー塩スープ	1485783
ローストチキンの鶏ガラで！鶏塩ラーメン	1691995
ローストビーフ 塩麹Ver．	1656544
ロースト塩ポークシャトルシェフ	1501400
ロースハムで塩チャーハン	1553914
ローズソルトでトマトサラダご飯	1527316
ローズマリーのお塩	1494053
ローズマリーの塩クッキー	1629501
ローフード長い芋とセロリの塩麹和え	1356572
ワカサギの串塩焼き	1674944
ワカサギの塩コショウ炒め	1690171
ワカサギの塩麹漬	1693368
ワカメの塩炒め。	1389541
ワンタンの皮で＊塩豆腐の海老シウマイ	1691519
ワンランクUPマジックソルトでポテサラ	1575048
一番簡単！？セブンの塩キャベツ	1378617
一瞬で完成塩と鰹節だけの茄子	1554372
一緒にゆでる！楽チン！そら豆の塩パスタ	579380
七草粥も話題の塩麹さんで	1667386
万能 塩ねぎソース	1627658
万能ねぎ塩たれ超簡単	1410655
万能ネギ塩だれ	1466938
万能塩きのこ	1520280
万能塩麹	1695144
万能常備菜 塩きのこ	1662869
万能調味料塩麹でぼたん海老の一夜漬け	1637496
万能調味料！ハマる！材料3つで山椒塩	1456105
万能！◆長ネギの塩だれ◆	1591125
万能！ネギ塩だれ	1341046
三つ葉の中華塩和え	1455556
三陸わかめの塩野菜炒め	1639990
下茹するから美味しい｝鶏手羽の塩焼き	1489343
並べるだけ！塩ぽん酢でカプレーゼ	1445840
中国の塩卵＊鹹蛋	1602814
中華くらげともやしの塩ニンニクナムル和え	1413360
中華の塩焼きそば✿	1690331
中華サラダネギ塩ドレッシング	1648145
中華丼＠塩麹	1652562
中華店風塩豚チャーハン	1555641
中華料理店の唐揚の横についているうまい塩	1338486
中華風 塩焼きそば	1605805
中華風塩リゾット	1372137
串もの＆塩あじラーメン	1586885
串天にぴったりスダチ香る塩	1511289
丸善あんかけの素で作る・かに塩八宝菜	1495236
九条ねぎと牛肉の塩昆布炒め	1513035
乱切りきゅうりの塩梅	1519052
乾燥麹で作る万能調味料、塩麹。	1506068
亀戸大根の葉の塩漬け	1401394
二つの食感！塩きんぴら	1442895
二日酔い覚悟のイカ下足の塩焼き	1477931
二色きんぴら｝塩チーズ風味	1470498
五目あんかけ焼きそば	1586508
人参とピーマンの塩きんぴら	1575486
人参と塩麹	1695086
人参と松の実の塩炒め	1697612
人参の塩きんぴら	1392330
人参の塩きんぴら	1574651
人参の塩コショウきんぴら	1685813
今、話題の塩麹で塩焼きそば	1645738
今までごめん！えのきの石づきの塩ごま油	1607242
今宵の酒肴ミミガーのネギ塩焼き	1645600
今宵の酒肴豚タンねぎ塩	1615593
今日は手抜きの日！ キャベツの塩もみ	1428402
仕込み不要1時間で食べれる簡単塩豚	1370822
伊達巻ときゅうりの、塩昆布あえ	1609235
休日につくる本格塩ラーメン！	1700334
休日は、マジックソルトご飯のランチかな	1668208
低カロリー！ブロッコリーの塩昆布炒め	1597243
体菜とえびの塩炒め	1623325
何でも美味しくなっちゃう塩麹	1576532
余ったお刺身で香味塩麹炒め	1656586
余った卵黄de塩くっきー彡	1390075
余った餃子の具は是非塩お好み焼きに	1557100
余った鶏皮フライパンで簡単焼鳥	1420685
作っておくと便利ゆで塩鶏	1373069
作り置き用 茸塩漬け	1372382
作れるんだ｝ 『ごま塩』	1509315
使い回し抜群！冷蔵庫に常備のごま塩わかめ	1579701
便利人参入り塩そぼろ	1368484
便利調味料 クレバーソルト	1575998
便秘解消にも！キャベツと塩こぶサラダ	1629839
保存 みょうがの塩漬け	1570057
保存食 きのこの塩漬け	1374550
信州のおやき なす塩バジル味	1556216
優しいいも煮［減塩￥	1667609
優しい味インスタント塩ミルクラーメン	1399173
元祖山の手の塩おでん	1698965
入り卵と塩昆布のおにぎり	1352176
入れるだけ！大根の塩麹漬け	1651732
全粒粉 塩味カリカリ	1682022
八重桜の塩漬け	1384510
具だくさん！塩バター蒸し鮭	1447310
冬もピッタリ！鶏塩そうめん	1457925
冬瓜と塩豚ひき肉のトマト煮込み	1589874
冬瓜と塩豚煮	1486821
冷しゃぶとネギ塩レモンの冷製夏パスタ	1422738
冷やしお豆腐白玉	1516981
冷凍なすと塩漬け肉でオイスター炒め	1394346
冷凍にも！キャベツともやしの塩昆布炒め	1641295
冷凍ポテトのクレイジーソルト味	1360197
冷凍塩バナナ	1509197
冷蔵庫にあると便利、塩たまご！	1671004
出汁昆布の塩昆布	1620189
切っただけ。塩だれのポリッポリきゅうり	1635782
切り干し大根と具だくさんの塩昆布の炒め煮	1431044
切り干し大根と菊塩ごま油甘酢和え	1520458
切り干大根と塩昆布のあっさり漬け	1580373
切り昆布と干し大根の塩煮しめ	1698634
切り身魚の塩こぶ蒸し和風タジン	1445225
切干し大根とほうれん草の塩麹サラダ	1693012
切干大根と塩コンブのあっさりあえもの	1482714
切干大根のオイマヨ＆塩麹サラダ	1406401
切干大根の塩昆布和え	1605943
切干大根の塩麹ペペロン	1631427
刺身の塩卵黄	1526776
刻みトマトと塩もみキャベツのツナサラダ	1703400
力士直伝！？チャンコ鍋塩味	1370551
加茂ナス塩豚肉バラ巻き	1503500
十勝スマートチーズで 塩クッキー	1341803
千切り人参の塩麹マリネ	1576239
即完成！白菜の塩麹モミモミ	1657195
即席 塩麹で水菜の浅漬け	1649528
即席おつまみミョウガと塩昆布	1453397
即席キュウリと塩昆布の浅漬け	1499859
即席味付けは塩コショウだけ！セセリ焼き	1588749
即席塩きゅうり	1487294
即席塩辛	1504829
卵かけご飯＠塩麹	1659929
卵とトマトの塩焼きそば	1492078
卵焼＠塩麹	1653678
厚揚げと小松菜のにんにく塩炒め	1406255
厚揚げの塩麹サンド	1688247
厚揚げの塩麹田楽	1698518
厚揚げ豚肉れんこん塩麹で炒めて	1677443
厚生塩を使った梅干の漬け方	1422763
友チョコに塩ポテトチョコ	1706469
受験生のお弁当✿ ごま塩 炊き込みごはん	1489876
味わい｝塩昆布とチーズで醤油おにぎり	1618462
味付けは塩だけの鯛飯	1662650
味付けは塩だけ焼きレンコン	1681054
味付けは塩だけ！ホタテと野菜の白い炒め物	1410769
味付けは塩麹だけ鶏ももねぎ焼き	1700434
味付けは炊飯時に簡単塩味おにぎり	1510218
味付け玉子『塩味』✿	1576433
味付簡単！さっぱり豚の塩ぽん酢焼き	1533575
味噌汁に塩酒粕	1566226
味噌豆腐塩豆腐を味噌で	1347429
和えるだけツナと塩コンブパスタ 	1624711
和えるだけ！塩昆布きゅうり	1381273
和風 塩 麻婆豆腐	1685431
和風ねぎ塩サイコロステーキ丼	1517755
和風塩焼きそば	1487951
和風鳥ダシ塩ラーメン	1471087
唐揚げ クレイジーソルト味	1506423
唐揚げ塩昆布おにぎり	1408774
圧力釜で時短！ 生ピーナッツの 塩ゆで	1637413
圧力鍋で 生ピーナツの塩茹で	1607127
圧力鍋で『手羽元の塩肉じゃが』	1575775
圧力鍋でつくる塩豚	1704538
圧力鍋でつくる鶏の塩こしょう焼き	1423863
圧力鍋でとろとろほろほろチキンと塩大根	1618257
圧力鍋でやわらか簡単親芋の塩トマト煮	1623059
圧力鍋でキャベツ丸ごとポテ	1662415
圧力鍋で骨まで柔らかい鮎の塩焼き	1554761
地中海風塩焼きそば	1518252
基本のつくねde野菜塩あんかけ	1702385
基本はお塩だけ＊うちのポトフ！	1630042
塊肉数種同時塩茹で 	1389237
塩×林檎	1553162
塩あじえだ豆と鶏肉のピリ辛にんにく和え	1396412
塩あずきミルクアイスキャンディ	1486433
塩うどん	1662866
塩おにぎり	1481125
塩かぼちゃ おかかまぶし	1390145
塩かぼちゃのクリームチーズ和え	1557777
塩からあげ	1427999
塩からあげ	1502637
塩からあげのスイートチリマヨソース和え	1409517
塩から揚げ	1353206
塩がポイント！母直伝さつまいもレモン煮	1616966
塩がポイント！超簡単さつまいもおやき	1383326
塩きなこ×白チョコパン	1689939
塩きのこ	1392434
塩きのことえびレタスのちゃんぽん	1607383
塩きのことベーコンのチーズリゾット風	1448728
塩きのこと塩豆腐のヘルシーサラダ	1393103
塩きのこのつくね	1662871
塩きのこ＊スープ	1399007
塩きんぴら	1340556
塩きんぴら	1464258
塩きんぴら	1612019
塩きんぴら	1699133
塩きんぴら	1702301
塩くじらと新じゃがの味噌汁	1502315
塩こうじ	1552915
塩こうじ	1670848
塩こうじ de 和風カルボナーラ	1650967
塩こうじ de 唐揚げ 彡	1650464
塩こうじでひじきの煮物	1627283
塩こうじでバジルソース	1624042
塩こうじの種でピーマンの肉詰め	1621590
塩こうじポテト	1598491
塩こうじ入りもち	1681680
塩こしょう 常備保存に	1467147
塩こぶの炊き込みご飯	1478841
塩こぶの白菜サラダ	1638910
塩こぶオクラ	1528381
塩こぶピーマン 三分クッキング	1555619
塩こぶ水菜	1706262
塩こんぶde大根と油揚げの炒め物	1646780
塩こんぶおにぎり	1706138
塩こんぶであっさり塩サラダ	1426996
塩こんぶでマカロニちくわサラダ	1374277
塩こんぶで手羽先グリル	1488145
塩こんぶで炊き込めし！	1366109
塩こんぶで簡単うまい炊き込みご飯	1696567
塩こんぶで簡単キャベツサラダ	1357057
塩こんぶで簡単卵とねぎのしおこん炒飯	1597884
塩こんぶで簡単炒飯	1626814
塩こんぶで！！マカロニサラダ	1356257
塩こんぶとおくらだけナムル風	1486878
塩こんぶとたらこのパスタ	1515620
塩こんぶとナメコのスープ	1393020
塩こんぶのキャベツ	1606928
塩こんぶの炊き込みご飯	1530101
塩こんぶチーズおにぎり	1534831
塩こんぶツナむすび	1576708
塩こんぶトマトonとうふ	1423551
塩こんぶトースト	1401190
塩こんぶマヨむすび	1570355
塩こんスープ	1603022
塩こん部長とピーマンの炒め物	1621166
塩こん部長のきゅうりナムル	1397092
塩こん部長の冷やし茶漬け	1458711
塩こん部長の塩こんぶそうめん	1458723
塩こん部長の塩こんぶチーズむすび	1598946
塩こん部長の焼肉弁当	1458735
塩ごまそうめん	1504051
塩ささみでささみ明太チーズ焼き	1440366
塩さばでカレー竜田揚げ	1472385
塩さばと野菜の詰め物。	1674793
塩さばと青海苔のおにぎり	1623591
塩さばのごま味噌焼き	1706513
塩さばのズッキーニトマト煮込み	1479637
塩さばのフリッジ	1603373
塩さばの混ぜご飯	1586917
塩さばの白ワイン蒸し	1425155
塩さばの磯辺揚げ	1701916
塩さばの竜田揚げ〜野菜あんかけ〜	1624166
塩さばの簡単竜田揚げニンニクしょうが	1517988
塩さばをたまねぎソースで	1499520
塩さばを塩麹で唐揚げに	1393038
塩さば白菜鍋	1649013
塩すきやきつゆdeたけのこごはん	1415368
塩するめ 韓国風ヽ丿	1345792
塩そば春巻き	1665325
塩そぼろ	1396748
塩そぼろ	1437289
塩そぼろ	1458733
塩そぼろ丼｝温玉のせ｝	1439925
塩たらこやきそば	1516119
塩たれチキン	1553532
塩たれ野菜炒め	1563564
塩だけでさっぱりきゅうり	1554814
塩だけでシンプル白菜炒め	1366875
塩だけで美味しい凍み豆腐	1370413
塩だけなのにおいしい！簡単かぼちゃ	1651179
塩だけ！簡単きゅうりのお漬物	1412733
塩だしをつかって、あったかうどん	1619767
塩だれde新たまスライス	1364265
塩だれで作るボリュームホルモン焼きうどん	1443739
塩だれの天津飯	1664104
塩だれもやしピザ	1525267
塩だれソースの豚肉のグリーンアスパラ巻き	1495385
塩だれホルモンうどん	1346030
塩だれ中華はるさめ	1573855
塩ちゃんこ鍋	1615318
塩ちゃんこ鍋	1624851
塩ちゃんこ鍋のスープとつくねの作り方	1552951
塩ちんすこう	1461293
塩っけが美味しい！鮭フレークdeコロッケ	1581703
塩っぺオクラ	1535058
塩っぺサラダ	1557574
塩っぺ和風パスタ	1432540
塩っペで簡単1品コレ絶品！	1344217
塩でうまうま豚とキャベツの炒め物	1372964
塩でしっかり味のジューシーな唐揚げ	1412321
塩で甘い！にんじんしりしり｝	1444828
塩で食べるたこ焼き	1463177
塩で食べるもずくの天ぷら	1576182
塩で食べるアイスクリーム	1381155
塩とうフライ	1338240
塩とごま油で食べる白菜鍋ピェンロー	1653278
塩とごま油の冷奴。	1618611
塩とバターでシンプル・ポークソテー	1627549
塩どりのバジルソースがけ	1632791
塩なしトマトソース	1503818
塩なめたけ	1465773
塩に飽きて痩せたい方へカレー塩茹で卵	1511751
塩ねぎうどん	1609456
塩はちみつとダージリンのビスコッティ	1536911
塩はちみつトースト	1517840
塩ぶた	1601332
塩ぶたと切り干し大根の煮物	1688168
塩ぶり白菜鍋	1690124
塩ぽん酢	1363750
塩ぽん酢であっさり！豚肉と白菜の重ね蒸し	1616626
塩ぽん酢＋ごま油deらくらくサラダ	1434411
塩みるくプリン＊．	1614042
塩め〜ぷるトースト	1641564
塩もみが命の大根サラダ	1464064
塩もみきゅうりのツナ和え	1443339
塩もみきゅうり入りさっぱり稲荷寿司	1339499
塩もみゴーヤとテンペの和えもの	1517444
塩もみ大根とニラの炒め物	1695592
塩もみ白菜ともやし、ツナのサラダ＊	1633974
塩もみ白菜と蒸しキノコの旨み和え	1486589
塩もみ白菜のシャキシャキツナマヨサラダ	1640696
塩もみ白菜の柚子胡椒和え	1640370
塩もみ野菜	1397670
塩もみ野菜で簡単サラダ 	1598002
塩もやし	1438966
塩やきそば	1381977
塩やきそば	1414411
塩やきそば	1430449
塩やきとり魚焼きグリルでカロリーダウン	1355210
塩やっこ〜ごま油でさっぱり〜	1570840
塩やっこ｝塩とゴマの香り｝	1438251
塩ゆで豚と豆腐のサラダ仕立て	1510702
塩らっきょう	1456018
塩アーモンドヨーグルト	1567777
塩イクラ	1638092
塩イクラできゅうり巻き巻きオードブル	1372323
塩キノコ DE ペンネサラダ	1399600
塩キムチ焼きそば	1338877
塩キャベツ	1392814
塩キャラメルと胡桃のサブレ	1447665
塩キャラメルのボンボンショコラ	1360791
塩キャラメルアイス	1432118
塩キャラメルアイス	1493929
塩キャラメルプリン	1379642
塩キンピラ	1481988
塩クッキー	1500064
塩ココア	1444619
塩コショウだけアスパラの豚肉巻き	1460870
塩コショウもやしだけ炒め	1386805
塩コンのピリ辛おにぎり	1618132
塩コンツナキャベツのフワフワ山芋焼き	1337617
塩コンブが決め手！きゅうりの佃煮	1565836
塩コンブでパスタamwayお鍋で。	1394045
塩コンブで旨ご飯	1593700
塩コンブとオイスターソースで炒め物	1657986
塩コンブとキャベツの簡単漬物	1483128
塩コンブとツナ缶のほっこりご飯	1358670
塩コンブの即席パスタ	1402562
塩コーンぶマヨ＊食パンのせ	1687097
塩ササミアレンジ味付け不要の鶏天	1383721
塩サバで クリスマスピンチョス	1635654
塩サバとほうれん草のナムル	1446781
塩サバとキュウリの中華和え	1570024
塩サバと大根のぬた	1398817
塩サバと大葉の春巻	1659291
塩サバと春菊の混ぜご飯	1573709
塩サバと長ネギのサッと焼き蒸し	1623271
塩サバのしょうゆ豆ディップ添え	1529316
塩サバのグリル・トマトソース	1398369
塩サバのケチャップ照り焼き	1625261
塩サバのムニエル	1448409
塩サバの味噌煮	1595702
塩サバの炊き込みご飯	1382571
塩サバの薫製風	1621539
塩サバの酒蒸し	1354793
塩サバの野菜ジュース煮込み	1399617
塩サラダ	1425460
塩サンマの七味焼き	1476791
塩ザンギ	1641438
塩シャケとごまとショウガの混ぜご飯	1708259
塩ショウガトマト	1507583
塩スペアリブと聖護大根のスープ	1343355
塩スペアリブ蒸しとネギだれ	1433089
塩タラとジャガイモのグラタン イタリアン	1435899
塩タレ野菜炒めにシャッキリレタス	1445650
塩ダレ de キャベツ！	1470023
塩ダレが決め手！ネギマヨ塩やきそば	1457521
塩ダレきのこ	1422410
塩ダレそうめんちゃんぷる	1367786
塩ダレオイスター焼きそば	1429827
塩ダレクリスマスパスタ	1633285
塩ダレ焼きそば	1656162
塩ダレ豚のスタミナ丼！わさび風味。	1656714
塩ダレ豚バラ丼	1370788
塩ダレ豚ロース	1420426
塩チキンと水菜のさっぱり豚骨ラーメン	1656592
塩チャーハン ラム肉添え	1353985
塩チョコ	1433989
塩チョコアーモンドプレッツェル	1690788
塩チョコクッキー	1435537
塩チョコトースト	1602137
塩チーズクッキー	1529806
塩チーズ麻婆豆腐	1593390
塩トマト	1359504
塩トマト焼うどん	1444635
塩トマト甘納豆入り全粒粉パン	1525557
塩トースト	1462019
塩ニンンクすじ煮	1375173
塩ネギ	1418447
塩ネギごまだれ	1364272
塩ネギホルモン	1706736
塩バタじゃがベェ	1671002
塩バターにんじん	1417629
塩バターチキン	1341867
塩バターポップコーン	1571933
塩バター丼弁当	1596966
塩バター味のシーフードちゃんぽん	1605008
塩バター焼きおにぎり	1373457
塩バター焼きそば	1523526
塩バター肉じゃが	1487925
塩バター肉じゃが	1582959
塩バター胡桃トースト	1535448
塩バター豚じゃが	1666381
塩バニラのマカロン	1336683
塩バニラ蒸しパン	1365320
塩ピクルス	1527773
塩ピーマン	1406389
塩フレンチトースト	1394848
塩ブリ	1679199
塩ホルモン肉じゃが	1598161
塩ポン酢で✿鮭と玉子の混ぜ寿司	1318889
塩ポン酢で山クラゲ	1424988
塩マシュマロトースト	1401802
塩ミルクプリン｝人参ジャム添え	1416205
塩ミートソース	1403361
塩メイプルりんごチーズトースト	1621909
塩メープルバニラミルク	1374151
塩ヨーグルト	1573102
塩ラ−メン 	1669143
塩ライム・チキンライス	1525638
塩ラーメン	1599817
塩ラーメン	1689067
塩ラーメン de イタリアーメン	1492027
塩ラーメン 梅味	1635618
塩ラーメンの粉末スープで鶏軟骨揚げ焼き	1582637
塩ラーメンの素で付け込んだぶぅ	1453947
塩ラーメンの美味しいアレンジ	1676347
塩ラーメンベースの絶品トマトラーメン	1482642
塩リンゴ	1413801
塩リンゴ	1674355
塩ロース豚とロマネスコ 味噌マヨのソース	1664255
塩ロール	1419786
塩・ルマンド on アイス	1660796
塩・和牛すね煮込み	1604187
塩丸イカとトマトのマヨネーズ和え	1635061
塩五目きんぴら	1582371
塩入れないでタコの下ごしらえ	1481941
塩冷やしそうめん	1494849
塩冷ややっこ	1496871
塩分控えめ濃厚カルボナーラ	1434874
塩加減がたまらないじゃがマヨめんたい	1499775
塩卵焼き お弁当に！	1603710
塩味あっさり プリプリ えび春巻き	1340547
塩味あんかけ焼きそば	1472113
塩味が決め手！甘ーいおさつの炊き込みご飯	1594957
塩味すじ大根	1684429
塩味でお口直ししながら甘いホットケーキ	1581998
塩味で旨い！レバニラ	1344884
塩味のさくさく唐揚げ。	1647593
塩味のカップケーキ	1340549
塩味のバタークッキー	1576664
塩味の豚の角煮	1624295
塩味の鮭ご飯	1235183
塩味カリフラワーと鶏肉の旨煮	1525454
塩味サブレ	1479403
塩味チキンナゲット	1357816
塩味ラッシー	1486098
塩味卵焼き	1654721
塩唐揚げ	1430194
塩唐揚げ	1440999
塩唐揚げ パプリカ入り	1390406
塩唐揚げ。	1596050
塩奴	1647692
塩屋が作る普通の梅干し	1552522
塩手羽パリパリチキン	1583434
塩抜き不要で簡単！ ロール鳥はむ	1427734
塩押し大根のゴマよごし	1386327
塩揉みきゅうりと香味野菜のすだち和え	1514086
塩揉みきゅうりの豚挽肉和え	1580882
塩揉みキャベツのサラダごま油風味	1573602
塩揉み胡瓜とシーチキンの和え物	1697590
塩昆じゃこちーマヨトースト	1353311
塩昆サラダ	1676876
塩昆ピーマン	1584082
塩昆布deグレードUP豆ごはん	1517541
塩昆布de＊簡単ペペロンチーノ	1675349
塩昆布×コーンチーズのおにぎり	1427318
塩昆布、ちくわ入り、ポテトサラダ	1679986
塩昆布おにぎり	1605519
塩昆布きゅうり	1480318
塩昆布じゃこdeスペシャル海苔弁	1396838
塩昆布で 簡単きゅうりのお漬物	1583394
塩昆布でおいしいパプリカ炒め	1522862
塩昆布でしゃきしゃき小松菜ナムル	1462804
塩昆布でたっぷりキャベツ	1497149
塩昆布でつくる、大根と白菜の煮物	1341074
塩昆布でつくる炊き込みご飯	1516643
塩昆布でスタミナ野菜炒め	1596568
塩昆布でセロリの浅漬け	1660057
塩昆布でパパッとチャーハン	1517591
塩昆布で作る簡単こんにゃくの炒り煮。	1617758
塩昆布で即席漬け！	1467190
塩昆布で夏野菜の浅漬け	1557642
塩昆布で干し大根のお漬物風甘辛煮	1354634
塩昆布で旨味たっぷり和風ペペロンチーノ	1355365
塩昆布で浅漬け	1530461
塩昆布で簡単一品万願寺唐辛子じゃこ炒め	1529365
塩昆布で絶品！TKG	1389308
塩昆布で美味しい！かぼちゃの炊き込みご飯	1636934
塩昆布とねぎとすり胡麻の卵焼き	1702215
塩昆布とカボチャの美味しいサラダ	1493615
塩昆布とキャベツのサラダ	1664165
塩昆布とゴマのおにぎり	1351464
塩昆布とチーズのおにぎり	1412605
塩昆布とチーズのおにぎり	1441976
塩昆布とチーズのトースト	1452177
塩昆布とヤンニョンジャンで簡単キムチ	1497621
塩昆布とレンコン炒め	1339209
塩昆布と昆布茶とレタスのW胡麻サラダ	1422407
塩昆布と梅＋青じそで！もやしの和え物	1526707
塩昆布と水菜の浅漬け	1457707
塩昆布と粉チーズのたわらおにぎり	1474643
塩昆布と菜の花の和え物	1564490
塩昆布と食べるラー油で＊納豆ごはん	1455211
塩昆布と鮭のお茶漬け	1385799
塩昆布のりわさパスタ	1422691
塩昆布の佃煮 ｝おばあちゃん直伝レシピ｝	1615849
塩昆布の入った さつまいもごはん	1657645
塩昆布の冷やし茶漬け	1525598
塩昆布の卵焼き	1589212
塩昆布の簡単パスタ	1632040
塩昆布キャベツ	1629545
塩昆布スパゲッティ	1436831
塩昆布チキン立田揚げ	1612290
塩昆布チャーハン	1555824
塩昆布チーズ胡麻トースト	1401760
塩昆布パスタ梅そのまんま乗せ	1396081
塩昆布パンとソーセージパン	1402413
塩昆布マヨパスタ 	1631195
塩昆布マリネ プチトマト	1523491
塩昆布・5分で浅漬け	1405975
塩昆布・にんじん・豚肉だけの炒め物	1468500
塩昆布入りかぼちゃと卵のミックスサラダ	1416178
塩昆布入りチャーハン	1472154
塩昆布入り切干大根	1388672
塩昆布揚げ炒飯	1644843
塩昆布梅茶	1344150
塩昆布胡瓜とチーズ	1405198
塩昆布蒸しえのき	1347998
塩昆布＆おかかで新たまねぎ	1467038
塩昆布＆かつお節できゅうりのお漬け物	1583367
塩棒々鶏	1478318
塩漬けした、ゆで豚の頭	1388158
塩漬けわらびと夏野菜のめんつゆ浸し	1524429
塩漬けゴーヤー	1599607
塩漬けバジル	1481478
塩漬けメンマでしゃきこりっ！のおつまみ	1400234
塩漬け乾燥不要 ソフト身欠きにしんの燻製	1696274
塩漬け白菜のマヨネーズ和え	1670892
塩漬け魚ドレッシングのサラダ＠カンボジア	1435257
塩炒めそうめん	1466003
塩焼きさんまの焼き飯！	1595135
塩焼きそば	1410267
塩焼きそば	1440193
塩焼きそば	1474719
塩焼きそば	1521112
塩焼きそば	1599868
塩焼きそば	1693381
塩焼きそばイカとミョウガ	1464826
塩焼きそば柚子胡椒風味	1416681
塩焼きそば＋ガラムマサラ	1425628
塩焼きそば？？ 塩焼きこんにゃくデス	1522076
塩焼きに飽きたら、さんまの利久焼き✿	1571443
塩焼そば	1525141
塩煮玉子	1647588
塩牛唐揚げシークワァーサーソース	1484767
塩玉子	1436582
塩生クリーム	1437525
塩白菜	1674114
塩白菜	1690504
塩糀	1375770
塩糀	1485675
塩糀	1614153
塩糀deきのこと豚しゃぶの黒胡椒鍋	1592260
塩糀deきのこのお浸し	1602256
塩糀deケークサレ	1557665
塩糀deチキンソテー・タルタルソース添え	1534204
塩糀de丸ごとトマトのマリネ	1534473
塩糀de濃厚半熟卵	1596256
塩糀しおこうじ塩麹	1349289
塩糀そぼろdeヤムウンセンタイ風サラダ	1557877
塩糀だれのほたて丼	1629638
塩糀づかいの焼肉のタレ	1649004
塩糀でPumpikinサラダ	1700289
塩糀でクラムチャウダー	1702447
塩糀でスパイシーパスタ	1709023
塩糀でブリしゃぶ	1687180
塩糀で切り干し大根のはりはり漬け	1687203
塩糀で味付け鶏肉ときのこの炊き込みご飯！	1700731
塩糀で簡単柔らか豚と野菜のフライパン蒸	1641791
塩糀と大根のはっぱのペペロンチーノ	1649892
塩糀を使ったねぎソース	1660587
塩糀を使ったスモークチキン	1659533
塩糀トマトのカッペリーニ	1518921
塩糀バジルトースト	1615853
塩糀万能調味料deきゅうりの浅漬け	1533814
塩糀万能調味料de塩豚	1532996
塩糀豆腐	1569398
塩糀＆amp；甘酒deドレッシング	1602140
塩糀＊トマトソース	1702186
塩納豆＋キュウリで簡単おつまみ	1413775
塩肉じゃが	1362852
塩肉じゃが	1381045
塩肉じゃが	1418495
塩肉じゃが	1435031
塩肉じゃが	1436932
塩肉じゃが	1457128
塩肉じゃが	1637164
塩肉じゃが ゆず胡椒で	1347122
塩肉じゃがのバター風味	1600552
塩胡桃×きなこ×グラニュー糖のトースト	1652481
塩胡桃×そば粉×練乳トースト	1672442
塩胡桃×りんごマシュマロトースト	1670479
塩胡桃×ココア・トマトのトースト	1693184
塩胡桃×フレッシュフルーツトースト	1671520
塩胡桃×南瓜・バナナトースト	1662613
塩胡桃×大福のトースト	1664046
塩胡桃×春菊の丼	1677445
塩胡桃×白チョコいちごトースト	1643392
塩胡桃×白チョコのコーン風味のトースト	1666119
塩胡桃×白チョコりんごトースト	1653725
塩胡桃×白チョコバナナトースト	1652479
塩胡桃×白チョコパイントースト	1630882
塩胡桃×白チョコ南瓜トースト	1661388
塩胡桃×白チョコ＊ジンジャートースト	1643397
塩胡椒だけで十分旨い鶏ももソテー	1491795
塩茹で鶏レバーのオイスターオイル和え	1563751
塩蒸し豚	1498769
塩蒸し鶏	1530358
塩蒸し鶏再利用イタリアンな前菜	1690915
塩蒸し鶏再利用中華風ほうれん草スープ	1687637
塩蔵ワラビの煮浸し・生姜風味	1671443
塩豆マヨ粉ふきイモ	1481505
塩豆大福	1423230
塩豆腐	1337246
塩豆腐	1528784
塩豆腐 ON フリルレタスサラダ	1629671
塩豆腐 de キッシュ〜乳製品フリー	1646363
塩豆腐 サラダ	1558022
塩豆腐DEイタリアンサラダ	1341681
塩豆腐deカフェモカ生ドーナツ	1352379
塩豆腐deトマトのカプレーゼ風	1349629
塩豆腐de白ゴマペッパー焼きドーナツ	1355685
塩豆腐でお手軽チーズケーキ	1367907
塩豆腐でにんじんと蒟蒻の白あえ	1342559
塩豆腐でねぎ塩やっこ✿	1516415
塩豆腐でオードブル	1381416
塩豆腐でベイクドチーズケーキ風	1672970
塩豆腐でホワイトソースもどき	1355628
塩豆腐でヨーグルトチーズ風ケーキ	1342124
塩豆腐で和風カプレーゼ｝ジュレポン酢のせ	1535937
塩豆腐で柚子こしょうの和風カプレーゼ	1360989
塩豆腐で簡単おつまみ	1650671
塩豆腐で簡単サラダ	1349135
塩豆腐とえびのオイスターソース	1391928
塩豆腐とアボカドのサラダ	1344313
塩豆腐とアボカドのサラダ	1461555
塩豆腐とアボカドトマトで美肌に	1339809
塩豆腐とキムチのサラダ	1335918
塩豆腐とズッキーニのジョン	1564669
塩豆腐とチーズとアボカドのサラダ	1341366
塩豆腐とトマトのサラダ	1667872
塩豆腐とブロッコリーのサラダクコの実添え	1354005
塩豆腐とブロッコリーのスィートマヨサラダ	1372269
塩豆腐とホットサルサーチーズのせ	1343667
塩豆腐と水菜の白和え	1351661
塩豆腐と生ハムでバラの花青じそ風味	1342716
塩豆腐と豚バラの甘酢タレがけ	1602087
塩豆腐と黒にんにくのカプレーゼ	1509694
塩豆腐ならぬ味噌豆腐	1339045
塩豆腐にも簡単・お手軽！豆腐の水きり	1372259
塩豆腐ねぎとザーサイとの炒め物	1391961
塩豆腐のさっぱりしらすのせ	1553371
塩豆腐のイタリアンステーキ	1621098
塩豆腐のカプレーゼ	1570978
塩豆腐のカプレーゼ風	1463107
塩豆腐のカボチャサラダ	1342994
塩豆腐のゴーヤチャンプル	1527888
塩豆腐のジェノバソースのせ	1501704
塩豆腐の大葉巻きサラダ	1522951
塩豆腐の天ぷら	1691891
塩豆腐の揚げだし	1510874
塩豆腐の油焼き	1519640
塩豆腐の青のり和え	1479906
塩豆腐の鮭あんかけ	1360207
塩豆腐ひき肉と搾菜の炒め物	1440787
塩豆腐グラタン	1698151
塩豆腐サラダ	1344670
塩豆腐サラダ	1563668
塩豆腐スイーツココアVer	1378059
塩豆腐ステーキの肉きのこ極彩だれかけ	1415809
塩豆腐ナムル	1341079
塩豆腐ハンバーグ絶品フカフカ〜	1439101
塩豆腐フライ	1508501
塩豆腐入りサーモン・アボカド生春巻き	1454351
塩豆腐水切り不要ビックリ	1419182
塩豆腐用 ドレッシング2種	1346813
塩豆腐酒粕味噌チーズで香ばしく	1388489
塩豚	1368976
塩豚	1476614
塩豚	1500832
塩豚	1532347
塩豚 − 仕込み3分！切って炒めるだけ	1583241
塩豚333	1379486
塩豚333＊ゴーヤと塩豚の磯辺揚げ	1536605
塩豚333＊シンプルゆで豚＆ゆで汁スープ	1511888
塩豚333＊モロヘイヤの夏バテ解消スープ	1532644
塩豚333＊塩豚とWゴボウのスパゲティ	1551948
塩豚333＊塩豚とゴーヤのチャンプルー	1505324
塩豚333＊塩豚と大根の和風シチュー	1665306
塩豚333＊塩豚と大根の柚子蒸し	1683083
塩豚333＊塩豚のグリル・みぞれのっけ	1386074
塩豚333＊塩豚カルボナーラ	1533571
塩豚333＊塩豚ポトフ	1644375
塩豚333＊塩豚白菜	1662197
塩豚333＊白豚汁＆amp；赤豚汁	1682781
塩豚deおでん	1678823
塩豚① 	1624241
塩豚② 	1624613
塩豚きゃべつのパスタ	1653766
塩豚でとんこつラーメン	1657165
塩豚でカルボナーラ✿	1565159
塩豚で豚バラレモンネギ塩丼	1463002
塩豚とごろごろ野菜のポトフ	1621888
塩豚とちぢみほうれん草のパスタ	1653053
塩豚となすびのかつお節炒め	1416943
塩豚とキャベツのミルク煮込み	1368988
塩豚とキャベツの小鍋仕立て	1706226
塩豚とゴーヤ トマトで塩焼きそば	1576389
塩豚とゴーヤーのラグービアンコ	1554373
塩豚とジャガイモのたっぷり香菜炒め	1343749
塩豚とトマトのスパゲティー	1646654
塩豚とトマトの冷製パスタ	1495626
塩豚と枝豆と砂肝と玉ねぎのパスタ	1590444
塩豚と根菜のミネストローネ・ビアンコ	1557810
塩豚と白菜のミルフィーユ鍋	1638660
塩豚と白菜の鍋	1337754
塩豚と空芯菜の絶品いため	1479790
塩豚ねぎかけお弁当にも	1350753
塩豚ねぎま	1694969
塩豚のがっつりサラダ	1663223
塩豚のたれ	1643449
塩豚のゆで汁で醤油ラーメン	1439737
塩豚のグリル春野菜添え	1385540
塩豚のゴーヤチャンプルー	1568342
塩豚のソテーバルサミコ風味	1478121
塩豚のソテー和風バルサミコソース	1348864
塩豚のチーズバーガー	1372599
塩豚のポットロースト	1455167
塩豚の厚切りステーキ＆マスタードソース	1438288
塩豚の炊き込みご飯	1433835
塩豚の煮込みスープ	1353400
塩豚もも肉のカレー粉焼き	1352269
塩豚もも肉の白菜蒸し	1347257
塩豚サラダ	1477002
塩豚ソテーと大葉の焦がし醤油ドレかけ	1637209
塩豚トマト煮込み	1458191
塩豚トンカツのゴマ味噌ダレ添え	1576695
塩豚ネギソース蒸し野菜添え	1341038
塩豚バラのニラもやしスタミナ巻き	1512897
塩豚プレーン塩豚ハーブ	1566928
塩豚ポトフ	1345743
塩豚ポトフ	1691324
塩豚・野菜に！チェジャン	1532505
塩豚丼	1434545
塩豚塊 圧力鍋で簡単に	1564599
塩豚大根	1646638
塩豚新じゃがのローズマリー風味	1457816
塩豚汁うどん	1412575
塩豚！ポークシチュー	1414380
塩豚＆スープ	1468443
塩豚｝濃いめ｝	1383637
塩辛い イカ	1556688
塩酒粕 △基本のレシピ 塩麹の次には	1512874
塩酒粕こんにゃくときのこの炒め物	1566199
塩酢豚	1646078
塩鍋	1640237
塩鍋	1678957
塩鍋にはすっごくかぼちゃが合うんです！	1386514
塩鍋の残りで…	1674266
塩青椒肉絲	1501215
塩飯	1446489
塩鮭	1409202
塩鮭おじや	1495376
塩鮭じゃないです！鮭のソテーです	1425520
塩鮭でスパゲッティーサラダ	1635289
塩鮭でミルク粥	1683483
塩鮭ときのこのホイル焼き	1529741
塩鮭としめじの炊き込みご飯	1618158
塩鮭とキャベツのコーンパスタ 簡単ランチ	1620993
塩鮭とダブルねぎのペペロンチーノ	1455078
塩鮭とブロッコリーのカルボナーラ風＊	1385857
塩鮭と根菜の汁	1635349
塩鮭と白菜と人参と舞茸のめんつゆ煮	1659838
塩鮭と葱の丼	1431191
塩鮭と野菜のフライパン蒸し	1409071
塩鮭と野菜の白ワイン蒸し	1422356
塩鮭と青しその実のご飯	1437242
塩鮭ののっぺい汁	1666300
塩鮭のトマトクリームスパゲッティー	1380138
塩鮭のフレーク	1434241
塩鮭の混ぜご飯	1474618
塩鮭の粕汁	1699290
塩鮭サラダ油焼き	1525965
塩鮭＆野菜の蒸し煮	1518835
塩鯖で揚げない南蛮漬け	1412810
塩鯖とシメジのおろし和え	1427536
塩鯖と大根の酢の物	1352299
塩鯖と白菜の煮物	1402803
塩鯖のカレーパン粉焼き	1607617
塩鯖の五目卯の花	1574225
塩鯖まぜご飯＊＊	1389352
塩鱈とかぼちゃのクリームグラタン	1672184
塩鶏	1271502
塩鶏	1366524
塩鶏	1366608
塩鶏	1587913
塩鶏	1697611
塩鶏 ちょっとダイエット	1362656
塩鶏de野菜ロール❤。	1395510
塩鶏ささみ・我が家の控えめ夕飯	1368000
塩鶏じゃが	1679163
塩鶏でやきとり。	1382559
塩鶏でクリチーポテサラ	1365845
塩鶏でフライドチキン	1395878
塩鶏で作った鶏飯	1531782
塩鶏で生春巻き	1369619
塩鶏とセロリのスープ	1657324
塩鶏とネギの炒め物	1536235
塩鶏と春キャベツの蒸し和え	1396615
塩鶏と梅しその春巻き	1553905
塩鶏と生姜野菜スープ	1364290
塩鶏と白菜のスープ	1638956
塩鶏と里芋の簡単味噌焼き	1670743
塩鶏に続け｝ みそ鶏！うまっ！	1565254
塩鶏のからあげ	1364237
塩鶏のサンドイッチ	1371144
塩鶏のサンドイッチ −タルタルソース−	1383414
塩鶏のピザ風	1565344
塩鶏のポトフ風	1475709
塩鶏の中華粥	1671348
塩鶏アレンジ塩鶏と白菜の春雨ヌードル	1364487
塩鶏アレンジ柔らかサクサクチキン	1359376
塩鶏サンドイッチ ーデミソースver．ー	1381186
塩鶏サンドウィッチ −バジルマヨ−	1378127
塩鶏ストックでコクうま煮浸し	1383915
塩鶏スープかけ雑穀ご飯	1629069
塩鶏マヨ丼	1432626
塩鶏丼	1360312
塩鶏唐揚げ	1462322
塩鶏大根oo	1673335
塩鶏風むね肉を鍋料理に豆乳鍋。	1365749
塩鶏風下ごしらえ	1361151
塩麹	1502076
塩麹	1532411
塩麹	1552896
塩麹	1591407
塩麹	1606376
塩麹	1615629
塩麹	1641432
塩麹	1644185
塩麹	1650368
塩麹	1653999
塩麹	1657045
塩麹	1658554
塩麹	1665090
塩麹	1673487
塩麹	1675235
塩麹	1678393
塩麹  食パン編	1707182
塩麹 HBで食パン	1696158
塩麹 de HB食パン	1647215
塩麹 de 明太ポテトサンドイッチ	1708333
塩麹 で作る 無添加ロースハム 作り方	1688181
塩麹 作り方 安く 無添加 酵素で健康！	1674933
塩麹 安く 早く作る 酵素の抽出方法	1688694
塩麹 焼き鶏 こんがり｝	1707952
塩麹 燻製類を作りましょう！無添加ハム！	1674815
塩麹 生姜ご飯	1698231
塩麹 ｝焼鶏｝	1678447
塩麹12％入り⁂米粉パン	1705295
塩麹DE大根たくあん！？	1689028
塩麹de3分クッキング	1692754
塩麹deかぼちゃバター	1692928
塩麹deじゃがバター	1699105
塩麹deすし酢	1691635
塩麹deもやしと卵の炒め物カレー風味	1677940
塩麹deもやしのナムル風	1671584
塩麹deれんこんのはさみ揚げ	1686843
塩麹deアボカドとバジルのジェノベーゼ	1529504
塩麹deオーブンローストな鶏ハム	1676858
塩麹deコールスロー	1646484
塩麹deサムギョプサル	1705713
塩麹deサラダ菜マキマキタラモサラダ	1680324
塩麹deチャーハン	1681179
塩麹deマーボーなめこ	1676570
塩麹de人参ツナサラダ	1689327
塩麹de即席かぶらずし	1627514
塩麹de和風スクランブルエッグ	1692078
塩麹de塩唐揚げ	1626587
塩麹de大根のべったら漬	1640147
塩麹de大根サラダ	1705609
塩麹de春菊と長ねぎの炒め物	1676933
塩麹de浅漬け	1619319
塩麹de焼き鶏肉	1639427
塩麹de玉子かけご飯	1707380
塩麹de白菜のおひたし	1691434
塩麹de豆腐の美味しい食べ方	1650758
塩麹de豚の生姜焼き	1671574
塩麹de豚バラとえりんぎのペッパー炒め	1689869
塩麹de越後の香味料手作りかんずり	1686946
塩麹de野菜ピクルス	1675375
塩麹de青菜の納豆和え	1701621
塩麹de鶏胸ハム	1614610
塩麹×じゃが芋×魚ニソのカレートースト	1687096
塩麹×トマト・葱のわさび風味のトースト	1687047
塩麹×味噌×鰹節の葱キャベツトースト	1681508
塩麹×葱・玉葱のカレー風味＊和風トースト	1688909
塩麹×葱・鰹・コーンの和風トースト	1677432
塩麹×酒粕味噌でとりはむ	1394931
塩麹−乾燥麹編−	1678479
塩麹✿菜の花とナメコのおろしとろろ和え	1399477
塩麹、醤油麹漬けの鮭のはらみ焼き	1680045
塩麹。【蕪と大根の粕漬け】	1653343
塩麹【豚の粕漬けホイル焼き】1押し。	1685179
塩麹【豚の粕漬け網で焼いてみる】香ばし！	1687807
塩麹あんかけにゅう麺	1708250
塩麹おさつバター	1698568
塩麹が決め手ღღ鳥ハム	1615812
塩麹が決め手〜とろとろ長ねぎマリネ	1660223
塩麹が美味しい、きゅうりのお漬け物	1507751
塩麹ごはん｝｝！！	1614776
塩麹さん	1675365
塩麹さんdeナムル〜	1683419
塩麹さんdeヨーグルトダイエット	1692646
塩麹さんde豚トマト	1502975
塩麹さんでぶり大根コラーゲン	1697441
塩麹さんで簡単！にしん漬？／	1683902
塩麹さん旨味倍増ぶりの塩焼き！	1689101
塩麹しっとり蒸し鶏	1680711
塩麹そぼろdeライスペーパー巻きコロッケ	1611846
塩麹そぼろde炊き込みご飯	1613801
塩麹たまご焼きv	1616891
塩麹だいこんの和え物	1610204
塩麹だけでおかゆ！気持ちも優しくなれそう	1675414
塩麹だけ！ふっくら焼きさば	1702954
塩麹で もちもちチーズちぢみ	1573302
塩麹で らくちん 焼き豚	1668016
塩麹で ポークソテ｝	1642331
塩麹で10品目の野菜たっぷりスープ	1696623
塩麹で。簡単、美味しくサツマイモ	1605237
塩麹で〆さば	1399793
塩麹で『さやえんどうのタマゴ炒め』	1649570
塩麹で『ねぎダレ』	1645685
塩麹で『サーモンのお刺身』	1654630
塩麹で『塩昆布＆梅ダレ』	1651345
塩麹で『梅ねぎダレ』	1648969
塩麹であえるだけ焼くだけおつまみプレート	1666330
塩麹でうちのお雑煮	1689130
塩麹でうどんつゆ	1690458
塩麹でうま塩ドレッシング	1699342
塩麹でうま辛四川風麻婆豆腐。	1692430
塩麹でえのき明太子和え	1689237
塩麹でおつまみ豆腐	1622431
塩麹でお手軽鶏ハムサラダ	1698749
塩麹でお肉ほろ旨シチュー	1634647
塩麹でお豆腐ロール	1615834
塩麹でお野菜たっぷり和風鍋	1704554
塩麹でお雑煮	1674314
塩麹でかぶのおつけもの	1623521
塩麹でかぼちゃのポタージュ	1603314
塩麹できゅうりとキャベツの漬物	1533595
塩麹できゅうりとセロリの浅漬け	1703748
塩麹できんぴらごぼう	1619948
塩麹でさっぱり煮物	1684448
塩麹でさっぱり！豚肉焼き	1477971
塩麹でさつま揚げみたいなチキンナゲット	1691226
塩麹でしいたけのまるごとピリ辛焼き	1708739
塩麹でしっとりとり天	1700503
塩麹でしっとり塩鶏そぼろ。	1608466
塩麹でしっとり鶏ハム	1513456
塩麹でしゃぶしゃぶ｝ポン酢はいらないよ！	1700495
塩麹でじゃがいもとパプリカの炒め物	1689496
塩麹でじゃこと茄子の炒め	1677523
塩麹でするめの塩辛	1651487
塩麹でつけた胡瓜とニンジンのサンドイッチ	1637237
塩麹でねぎ塩ダレ丼	1640886
塩麹でびっくり！柔らか塩チャーシュー	1652230
塩麹でふっくら美味しい茹で鶏	1509552
塩麹でふんわり焼き鯵	1646905
塩麹でべったら漬け風お漬物	1685537
塩麹でほくほく薩摩芋	1622417
塩麹でまぐろのかま焼き	1644848
塩麹でやわらかスペアリブ	1682194
塩麹でれんこんのきんぴら	1632065
塩麹でアイスバイン風	1654405
塩麹でイカの塩辛	1360903
塩麹でカボチャの煮物	1639294
塩麹でカマンベールブロッコリー	1470891
塩麹でカリフラワー	1691088
塩麹でカワハギの漬焼き	1618453
塩麹でキャベツ＆人参のサラダ漬け	1618466
塩麹でキュウリの漬物	1615646
塩麹でコールスロー	1605316
塩麹でサーモンの刺身	1640357
塩麹でシンプル鶏むね肉のソテー	1697785
塩麹でジューシー＆カリッのチキンソテー	1702368
塩麹でスペアリブ	1656208
塩麹でチキンの野菜炒め	1618639
塩麹でチャパティ	1703117
塩麹でツルツルお肌	1615714
塩麹でトマトサラダ	1700228
塩麹でトリ唐	1689006
塩麹でナムル	1704563
塩麹でナンコツの柚子胡椒唐揚げ	1691338
塩麹でハタハタ鍋	1636289
塩麹でバーニャカウダ	1702750
塩麹でピーナッツバター	1656509
塩麹でブリの粗鍋	1623376
塩麹でプリップリ！鶏ムネ肉の蒸し焼き	1690976
塩麹でヘルシー味噌漬けチキン	1630989
塩麹でペッパー＆amp；ガーリックの鶏天	1643093
塩麹でポテトオムレツ	1707819
塩麹でポトフ	1692034
塩麹でポリポリ大根	1708422
塩麹でレンコン炒め	1701535
塩麹で七草粥	1666749
塩麹で仕込む鶏ハム。	1604008
塩麹で作る、スタミナ塩焼きそば	1506091
塩麹で作る美味しい黄金ターメリックライス	1684151
塩麹で即席豚ロース	1625892
塩麹で大根の皮のきんぴら	1697092
塩麹で大根煮たの	1472988
塩麹で山食パン	1705750
塩麹で手羽元の柚子胡椒焼き	1691352
塩麹で旨いよ｝うちのタラ鍋	1621328
塩麹で旨いカレー	1640029
塩麹で旨味倍増！旬な秋刀魚ご飯	1609371
塩麹で春巻き	1643972
塩麹で柿⁉	1608920
塩麹で根菜のポトフ	1706796
塩麹で浅漬け	1347215
塩麹で炊き込みご飯	1633432
塩麹で炊き込みご飯	1697023
塩麹で焼きハタハタ	1636284
塩麹で牛ステーキ	1668789
塩麹で生姜フライ	1582953
塩麹で白い麻婆豆腐Ver2	1652133
塩麹で白菜 ベーコンの炒め物	1639435
塩麹で白菜とみかんのおひたし	1693800
塩麹で白菜のスタミナ漬け	1691301
塩麹で砂肝ガーリック	1345409
塩麹で簡単 野菜炒め。	1686722
塩麹で簡単おつまみ塩ピー＆塩豆	1708939
塩麹で簡単ザワークラフト	1621906
塩麹で簡単塩ラーメン	1690030
塩麹で簡単本格チキンスパイスカレー	1674445
塩麹で簡単胡瓜のべったら漬け風	1678807
塩麹で簡単！あっという間のお漬物	1697670
塩麹で簡単！第2弾さっぱり白菜漬け	1699681
塩麹で簡単！鶏胸肉のヘルシーグリル	1690537
塩麹で紅葉漬け	1615743
塩麹で絶品ぶりしゃぶ	1627089
塩麹で緑のあえもの	1649393
塩麹で肉や魚が最強の西京漬に大変身	1665243
塩麹で胃に効くやさしいお粥	1707475
塩麹で蕪と小松菜のサラダ	1630845
塩麹で薩摩芋＆林檎煮	1633902
塩麹で豆腐とれんこんのハンバーグ	1627928
塩麹で豚の生姜焼き	1640350
塩麹で豚ネギ巻	1632527
塩麹で豚ハム	1641994
塩麹で豚バラとエリンギのパスタ	1688492
塩麹で豚ロース焼き	1623354
塩麹で豚汁	1660567
塩麹で豚肉とキャベツの煮込み	1615911
塩麹で豚肉のハム風	1669984
塩麹で軟らかステーキ	1684785
塩麹で軟らか旨いサバの味噌煮	1704666
塩麹で野菜たっぷり鍋	1628115
塩麹で野菜炒め 大豆ミート入り	1635648
塩麹で鯖の塩焼き	1623443
塩麹で鳥ハム	1377405
塩麹で鶏ハム	1665611
塩麹で鶏ハム	1673721
塩麹で鶏皮の簡単おつまみ	1634637
塩麹で鶏竜田揚げ	1706806
塩麹で黒豆ご飯	1688426
塩麹で！鶏手羽のグリル	1438447
塩麹で＊かぶの浅漬け	1684139
塩麹で＊ちぢみホウレン草のバターソテー	1681879
塩麹で＊焼き塩豚	1644645
塩麹で＊雑炊までおいしい鶏鍋	1682309
塩麹といんげんの和え物	1690849
塩麹ととろけるチーズのパン	1683431
塩麹とほうじ茶の炊き込みご飯	1687233
塩麹とオリーブオイルのクリームシチュー	1675169
塩麹と塩昆布でキャベツの浅漬け	1696604
塩麹と柚子胡椒の鶏唐揚げ	1418188
塩麹と柚子茶のお漬物	1683126
塩麹と生姜のすいとん鍋	1681948
塩麹と白だしで簡単雑炊	1700498
塩麹と白菜塩こんぶ漬け	1690860
塩麹と米粉でヘルシー旬シチュー	1675686
塩麹と豆乳のマクロビバーニャカウダソース	1647898
塩麹と豆板醤のパスタ	1696053
塩麹と豆腐のクリーミーソース	1697037
塩麹と豆腐のミックスサラダ	1707739
塩麹におまかせ！	1698960
塩麹にハマったあなたに豚バラ塩麹漬け	1707440
塩麹に挑戦	1633259
塩麹に漬けて焼くだけ！うまうま塩麹チキン	1603347
塩麹に漬け込んで＊ハワイアンポークソテー	1675467
塩麹に飽きたらばーちゃんのピリ辛味噌	1490101
塩麹ねぎ豚チャーハン	1653734
塩麹のお揚げ巻き	1584652
塩麹のかぶ千枚漬風	1692019
塩麹のごまおかかふりかけ	1703412
塩麹のっけ焼き麩＆amp；トースト	1672097
塩麹のひとくちヒレカツ	1467694
塩麹のまろやかチャーハン	1592001
塩麹のみで簡単ポトフ	1685975
塩麹のサラダ	1503252
塩麹のジューシー鮭漬け	1625084
塩麹のチキンサラダ	1660376
塩麹のビーフシチュー	1703606
塩麹のピザ生地	1661566
塩麹のブルスケッタ	1605506
塩麹のマッシュポテト	1576246
塩麹のヨーグルトディップ	1643885
塩麹のラタトュイユ	1583124
塩麹の作り方	1416388
塩麹の作り方	1627182
塩麹の作り方	1685749
塩麹の作り方【ぺぺのレシピ】	1567790
塩麹の大根「朝漬け」	1694067
塩麹の山東菜の和えもの	1663036
塩麹の柔らか鶏もも肉焼き一夜漬け	1704436
塩麹の浅漬けサラダ	1674385
塩麹の漬物	1406221
塩麹の焼きとり風	1649134
塩麹の煮豚	1583894
塩麹の煮豚	1671997
塩麹の白菜浅漬け	1660381
塩麹の軟骨から揚げ	1603541
塩麹の食パン	1689730
塩麹の鳥ハム	1602586
塩麹の鶏うまうま焼き	1616940
塩麹の鶏ハムもどき	1703345
塩麹の麺つゆドレッシング！	1616649
塩麹ふんわり食パン	1632373
塩麹ぶりかま	1682035
塩麹やわらかジューシー蒸し鶏のサラダ風	1704769
塩麹をチャーハンに！	1673370
塩麹をペットボトルでお手軽にっ	1706386
塩麹を使って①鳥むね肉のナゲット風	1656776
塩麹を使って②かぶらの浅漬け3種	1657640
塩麹を使って③キャベツのデトックススープ	1658277
塩麹を使ってキノコと豆苗のソテー	1619458
塩麹を使って里芋と鶏肉の煮物	1628700
塩麹を使って鶏鍋	1624854
塩麹を使って＊モチコチキン	1672156
塩麹エビと長芋の福袋焼	1705924
塩麹カルパッチョ｝ホタテ｝	1612996
塩麹ガーリックの手羽先焼き	1697029
塩麹クッキーdeバレンタイン	1692076
塩麹クリームチーズのカナッペ	1682604
塩麹ゴーヤのゴーヤチャンプル	1523127
塩麹サーモンの親子寿し	1674109
塩麹チキンステーキ ローズマリー風味	1659326
塩麹チャンプル	1647534
塩麹トマト	1611266
塩麹ドレッシング	1690512
塩麹ドレッシングDe健康サラダ	1700156
塩麹フレンチトースト	1657997
塩麹ブタとズッキーニのグリル	1527987
塩麹ポテトサラダ	1708642
塩麹ポン酢で豚肉の野菜巻き	1698758
塩麹マジックde蕪と干し柿の和え物	1682287
塩麹ミルク	1702111
塩麹メニュー豚スペアリブのグリル焼き	1650436
塩麹ルヴァンのリュスティック	1699540
塩麹レシピ13 菜の花と塩麹豚のちらし鮨	1366857
塩麹レシピ2 塩麹豚ちらしずし	1606306
塩麹レシピ3 ネギ塩麹チャーハン	1605409
塩麹レシピ4 塩麹チャーシューつけ麺	1606296
塩麹・ヨーグルトメーカー使用8時間	1708988
塩麹・混ぜてほっとくだけ【キャベツ漬物】	1620226
塩麹仕込みで砂肝の中華風コンフィ。	1649250
塩麹仕込みの牛タタキ。	1609102
塩麹入り バナナのパウンドケーキ	1667929
塩麹入りあとひきディップ	1678066
塩麹入りさつま芋ごはん	1647632
塩麹入りだし巻き卵	1659434
塩麹入りの、ふっくらジューシーハンバーグ	1637925
塩麹入りのご飯でおにぎり	1690267
塩麹入りのもやし焼きそば、おいしい	1644011
塩麹入りのブリ大根	1638703
塩麹入りみそ汁	1698840
塩麹入りもっちもちれんこん餅	1708656
塩麹入りカルボナーラ	1680449
塩麹入りキムチチゲ	1708709
塩麹入りコールスロー	1603334
塩麹入りジューシーハンバーグ	1695749
塩麹入りトマトのブルスケッタ	1483650
塩麹入りネギ味噌チャーハン	1703717
塩麹入りホタルイカと万能ねぎのぬた	1686062
塩麹入りポテトサラダ	1703206
塩麹入りポテトサラダ風おからサラダ	1649467
塩麹入りヨーグルト	1691432
塩麹入り丸パン	1683821
塩麹入り九条ねぎの塩やきそば	1699808
塩麹入り厚あげじゃが	1690893
塩麹入り和風すくらんぶるえっぐ	1628217
塩麹入り柚子胡椒	1643649
塩麹入り牛筋煮込み｝	1686851
塩麹入り豆乳きな粉丸パン	1509045
塩麹入り豆乳丸パン	1508991
塩麹入り豆乳茶碗蒸し	1631078
塩麹入り豆腐サラダ	1698270
塩麹入り韓国風菜の花としらすのおひたし	1685990
塩麹入り鱈のみそマヨネーズオーブン	1678590
塩麹大根べったら漬け風	1637123
塩麹大根サラダゆず胡椒風味	1612026
塩麹春巻き	1701735
塩麹柚子胡椒のせ豚骨ラーメン	1649967
塩麹漬けえびのしんじょしいたけ揚げ	1698487
塩麹漬けするめいか焼き	1701642
塩麹漬けポークピカタ	1677376
塩麹漬け人参すりおろし入り、ほうれん草	1646373
塩麹漬け牛肉炒めのごまだれ和え	1703517
塩麹漬け鮭の簡単タジン蒸し	1706422
塩麹漬け鶏皮炙り焼き	1689405
塩麹漬のいかげそバター焼き	1647418
塩麹漬メカジキのグリルきのこソース	1694074
塩麹濃チョコ焼きドーナツバレンタイン	1692080
塩麹焼豚の煮汁で簡単もう1品青梗菜煮	1648093
塩麹煮込みうどん	1702337
塩麹白菜塩こんぶ漬けの炒め物	1693180
塩麹白身魚のピリ辛焼き	1686445
塩麹簡単5分手作り	1653077
塩麹納豆	1346409
塩麹納豆	1609058
塩麹肉じゃが	1626130
塩麹蒸し鶏のサラダ	1699262
塩麹豆腐	1584875
塩麹豆腐 オリーブオイルかけ	1598757
塩麹豆腐 ｝オリーブオイルで｝	1683386
塩麹豆腐deチャンプルー	1519758
塩麹豆腐でグラタン	1702619
塩麹豆腐でスフレチーズケーキ	1664709
塩麹豆腐でヘルシーカルボナーラ風	1615217
塩麹豆腐で旨②絶品麻婆豆腐	1706773
塩麹豆腐のかぼちゃ白和え	1698385
塩麹豆腐のディップ	1680180
塩麹豆腐のハーブサラダ	1693417
塩麹豆腐の蓮根和え	1692035
塩麹豆腐の長芋カナッペ	1692009
塩麹豚とひよこ豆のポトフ	1621901
塩麹豚とオクラのカレー	1601634
塩麹豚と蒸し大豆のポトフ	1707532
塩麹豚と長葱の包み焼き	1631203
塩麹豚のお餅ピザ	1670773
塩麹豚の赤レンズ豆でとろ｝りトマト煮	1687405
塩麹豚バラのトマトシチュー	1617634
塩麹豚バラ煮込み	1676723
塩麹豚肉とごぼうのピリ辛炒め	1683236
塩麹豚肉とさつまいものハーブ焼き	1631266
塩麹豚肉とちぢみ法蓮草の中華風香り炒め	1656056
塩麹豚肉のスタミナ焼き	1691111
塩麹豚肉のステーキわさび風味	1610251
塩麹豚肉のステーキ醤油風味	1610221
塩麹辛味噌	1686534
塩麹鍋｝豚肉｝	1615201
塩麹鍋｝鶏肉｝	1624723
塩麹長芋とスナップえんどうの炒め物	1705931
塩麹餃子	1706973
塩麹鮭と大根葉の混ぜご飯	1616210
塩麹鮭のチーズホイル焼き	1627466
塩麹鶏 香草焼き	1608552
塩麹鶏とじゃがいものロースト	1639408
塩麹鶏とエリンギのジンジャーパスタ	1655962
塩麹鶏とヨーグルトのヘルシーパテ	1683155
塩麹鶏と舞茸・四方竹の塩炒め	1603412
塩麹鶏のせラーメン	1648946
塩麹鶏のほうれん草ロール	1687879
塩麹鶏のサラダ	1691978
塩麹鶏のタジン蒸し	1623896
塩麹！わかめの酢の物	1610212
塩麹！簡単野菜炒め	1707835
塩麹！豚肉ステーキゆず胡椒風味	1610238
塩麹＆amp；味噌の根菜けんちん鍋	1690378
塩麹＆amp；炭酸水de根菜のポトフ	1618314
塩麹＆残り野菜で簡単ポトフ	1625150
塩麹＆甘酒deたらのあま塩麹漬け	1688503
塩麹＆甘酒deとまとーふ	1685985
塩麹＆甘酒de万能調味料なあま塩麹	1684858
塩麹＆米粉でカボチャのとろとろポタージュ	1643120
塩麹＆酵素＊大根おろし＊美魔女サラダ	1657649
塩麹＆鶏ムネ肉 第2弾！	1690988
塩麹＊ぺペロンチーニ風	1650998
塩麹＋で豚しょうがともやしの炒め	1707849
塩麹｝乾燥麹使用｝	1596783
塩麻婆豆腐	1201161
塩麻婆豆腐 	1476596
塩黄身。	1472674
塩？ラーメン	1591360
変幻自在万能塩玉スープ	1522366
夏が旬の魚で塩麹焼きw	1519725
夏ごはん塩豆腐のさっぱりサラダ	1622727
夏でもモリモリ！あっさり塩豚しゃぶ	1478426
夏にさっぱりレモン香る塩ラーメン	1485149
夏にさっぱり！塩豆腐の和風カプレーゼ	1508602
夏に塩きなこロールケーキ黒糖寒天入り	1487611
夏に簡単！塩ごま油で冷奴	1520186
夏のナス塩もみ	1492992
夏はやっぱり鮎の塩麹焼きw	1487030
夏はコレきゅうりとみょうがの塩麹和え	1533297
夏らしくいんげん✿トマトの塩こんぶ和え	1500554
夏バテ・疲労回復に。きゅうりの塩昆布和え	1507592
夏野菜とキノコの塩昆布炒め	1533360
夏野菜と塩こぶのそうめんパスタ 	1521610
夏野菜の塩ダレそうめん	1506618
夏野菜の塩胡椒ベーコン巻き	1647772
夏野菜の簡単塩揉み	1523367
夏！塩味の冷たい煮物	1503222
夜食にもごま香る塩昆布とゆかり茶漬け	1637830
大人味。塩胡桃×チョコりんごトースト	1687029
大人酒肴甘エビとチーズのレモン塩仕立て	1337677
大好きなママの塩うどん	1287022
大好評！角煮  塩味も斬新です	1615307
大好評！！ゴーヤの天ぷら カレー塩で	1516153
大学芋風❤塩メープルおさつ	1590658
大根あっさり塩スープ煮	1467449
大根で塩鍋	1352702
大根とこんにゃくの塩きんぴら	1414713
大根とにんじんの塩麹炒め。	1480493
大根とひじきの塩麹さっぱり煮	1690817
大根とツナのサラダ塩麹で	1679269
大根とベーコンの塩炒め	1448696
大根と人参の塩昆布＆amp；健康酢漬	1339747
大根と塩コンブのパリパリ漬け＋ラー油	1452490
大根と塩豚と山椒のスープ	1630886
大根と胡瓜と甘夏の塩コンブ和え	1453441
大根と鶏団子の塩麹スープ	1689456
大根のサワー漬け＠塩麹	1699344
大根のピリ辛甘酢漬け・塩昆布入り	1609018
大根の塩こぶ漬け	1654778
大根の塩もみゆかり和え	1598667
大根の塩昆布和え	1389724
大根の塩麹漬け	1679819
大根の漬け物の塩昆布和え	1386339
大根の漬物塩昆布と柚入り	1445598
大根の皮と塩昆布のピリ辛和え	1479966
大根の皮と塩昆布の漬物	1419609
大根の皮の酒粕塩麹漬け	1691103
大根の茎の塩漬け	1628877
大根の葉っぱで塩ナムル	1454439
大根の葉のふりかけ	1437346
大根の葉の塩麹ナムル	1645350
大根ステーキ 塩ねぎソースがけ	1649789
大根塩きんぴら	1484720
大根皮の塩麹ごま和え	1693028
大根菜の塩炒め	1637656
大根葉と生姜の塩漬け	1637265
大根葉と納豆の塩麹和え	1687947
大根葉の塩麹炒め	1688361
大根葉入り塩麹deアルデンテなお粥	1665700
大根＊塩昆布和え	1673417
大葉たっぷり！かに塩あんかけごはん	1468893
大葉の塩漬け 	1674301
大葉＆みょうが＆塩コンブ＆ごまごはん	1396926
大葉＆玄米のお塩	1510270
大豆と塩昆布の煮物＊゜	1648220
大豆水煮ときゅうりキャベツの塩昆布サラダ	1707902
天然はまちの塩ダレ丼	1637915
天然塩の作り方	1511828
失敗しないっ！ 茹で塩豚	1429100
子供から大人まで塩さばのカレー焼き	1691743
子供が喜ぶ！クレイジーソルトフライ	1516825
子供が大好きミルク塩バター雑煮	1366275
子供もぱくぱくセロリの塩麹ナムル風	1690146
子供も食べれちゃうピーマンの塩昆布あえ	1610569
安い鶏むね肉で柔らか｝い塩鶏	1353972
安い！ネギ塩カルビ風もやし入り	1349732
安くて美味しい肉巻き塩豆腐＊	1700306
安納イモの塩バターきんぴら	1339061
家にあるもので簡単！自家製塩昆布の作り方	1680210
家にある物で簡単塩やきそば	1446311
家の塩ちゃんこ鍋	1679960
家呑みおつまみ！サーモンの塩麹漬け	1665198
家族が好きな 塩味お鍋	1688265
寒い冬こそ塩鍋で、体を温めましょう。	1641878
寒い日やほっと一息に…塩キャラメルミルク	1692873
寒ブリと大根の塩糀あえ	1709008
小かぶの海苔塩焼き＊	1615397
小さいパックの塩豆腐	1341321
小エビと塩昆布のおにぎり	1422257
小カブの塩麹蒸し	1686772
小松菜とハム＊クレイジーソルト風味	1629957
小松菜と塩こんぶのふりかけ	1519266
小松菜と塩昆布の和え物	1624262
小松菜と豚バラの塩にんにく炒め	1700710
小松菜の和風塩ナムル風	1635492
小松菜の塩昆布納豆和え	1423188
小松菜の塩炒め	1671154
小松菜の塩炒め	1696581
小茄子の塩漬け	1516241
小鯛の塩麹蒸し	1697799
居酒屋タコ葱塩	1501081
居酒屋手羽先の塩焼き	1310491
居酒屋砂ずりと葱の塩ガーリック	1494576
居酒屋風キャベツの塩昆布もみ	1692333
居酒屋風生ホルモンの鉄板塩焼き	1556580
山椒の塩漬け	1447582
山芋とオクラの塩ポン酢和え	1370051
岩塩で塩梅おむすび	1569244
島らっきょうの塩漬け	1586301
島らっきょのピリ辛塩漬け	1421734
市販しお味で塩キャラメルポップコーン	1687118
市販のたれを使って簡単塩焼肉ぶた丼	1366812
市販の塩ダレで簡単ウマたくあん炒飯	1704468
市販の焼き鳥で、簡単＠塩おでん＠	1703313
帆立とホウレン草の塩バタースパゲティー	1373647
帆立の稚貝さっぱり塩スープ鍋	1703271
帰宅後5分で！トマトの塩麹マリネ	1676835
常備菜 クリスマスカラーな塩浸し豆 	1658021
常備菜塩きのこ	1401050
干しカレイとしめじの塩胡椒胡麻油焼き	1601637
干し海老塩焼きそば。	1508506
干たらのしっかり塩ぬきレモン添え	1527887
干物をアレンジ！エボダイの塩麹焼きw	1519721
年越しおそばちゃん	1662621
幸せになれる手羽先スパイシー塩味唐揚げ	1671209
幸せのしお鍋	1567412
弁当レンジで簡単！ネギ塩ウインナー	1572095
形良く焼いて見た目もGOOD！鮎の塩焼き	1570855
彩りよく塩きんぴら	1366119
彩り野菜としめじのごま塩キンピラ	1472606
心もほっこり塩肉じゃが	1709110
忙しい朝に塩昆布マヨたま丼	1442342
快適！塩もみキャベツのボローニャ和え	1485983
愛情たっぷり塩むすび3種の具を添えて	1609259
我が家の中華✿エビの椒塩炒め	1386548
我が家の中華✿椒塩	1386550
我が家の塩シチュー	1370955
我が家の塩唐揚げ	1529287
我が家の塩焼そば	1493682
我が家の塩鶏唐揚げ	1363701
我が家の塩麹	1646649
我が家の塩麹ぜんざい	1673233
我が家の塩麻婆豆腐	1513729
我が家の衣サクサク塩唐揚げ	1700796
我が家の豚汁＊塩麹＊	1694050
我が家も塩麹のおつけものが食卓に	1634147
我が家流和風パスタ	1673715
手づくりレモン塩	1421153
手作り コンビーフ 	1377013
手作り塩麹	1647558
手作り塩麹	1702760
手打ちそばの切れ端で塩そばかりんとう	1494552
手抜き鳥ハム	1573468
手羽もととえのきの、塩昆布煮	1596412
手羽中のクレイジーソルトグリル焼き	1645129
手羽中のクレイジーソルト粉チーズ焼き	1588282
手羽中のハーブ塩麹焼き	1706750
手羽中の塩コショウ焼き	1521014
手羽中割のニンニク塩コショウ焼き	1502894
手羽中塩唐揚	1536798
手羽元のグリルガーリックソルト味	1482787
手羽元の照り炒め煮塩麹の焼き野菜添え	1647676
手羽先の塩焼き	1685784
手羽先唐揚げ塩レモン	1472778
手軽に美味しい塩こんぶチャーハン	1482727
手間なしおかず厚揚げの味噌納豆チーズ焼	1625335
技あり？！塩チャーシュー	1461402
抜群の健胃効果 大根の塩麹サラダ	1681521
抹茶と塩小豆のマクロビ・マドレーヌ	1404087
抹茶ゴマ塩バナナヨーグルト	1573694
抹茶塩	1506909
振ってごま香る胡瓜の塩昆布和え	1594013
捨てずにさっぱり梅塩炒め	1698784
捨てないで！鶏皮カリカリやみつき塩焼き	1435643
揚げだし塩豆腐	1344725
揚げ塩鶏のねぎソースがけ	1319814
揚げ山芋のシンプル塩かけ	1652829
揚げ茄子と挽肉の塩パスタ	1579776
揚げ茄子と水菜の塩シーザーサラダ	1376666
揚げ餅のバジルソルト味	1682462
放置プレイ塩麹の作り方	1569921
数の子の塩抜き	1474451
数の子の塩抜き方法	1667245
新さんまの塩麹マリネ	1571477
新じゃがと鶏もも肉の塩炒め	1458480
新じゃがのそのまんま荒塩	1436204
新キャベツとさやまめのあっさり塩炒め	1431124
新ジャガの丸ごと塩バター茹で	1376745
新定番！塩肉じゃが	1509402
新巻鮭の塩抜き	1664711
新感覚塩チョコサンドサブレ	1629059
新玉ねきとソーセージのうましおナポリタン	1369333
新玉ねぎとコーンと塩昆布の丼	1414896
新玉ねぎのツナと塩こんぶ和え	1465877
新玉ねぎの塩揉み	1399108
新玉葱の塩昆布和え	1500527
新生姜で塩バナナジュース	1497612
新生姜と塩サバのさっぱりまぜご飯	1488827
旦那リクエスト！塩バター焼きそば！	1481863
旨いよ！塩チャーシュー	1533746
旨すぎ！塩かぼちゃ	1356618
旨すぎ！鶏の唐揚げ塩味バージョン	1566930
旨ねぎ塩納豆で冷や奴	1482182
旨みUP！手羽先の塩麹煮	1696837
旨みそのまま！塩鮭の塩抜き方法	1387618
旨みたっぷり〜ひたし豆入り！塩麹ご飯	1690340
旨みたっぷり塩味肉じゃが	1482315
旨み倍増！ウマすぎの塩昆布焼きうどん	1407961
旨味ぎっしり！冷凍塩豚	1433664
旨味凝縮！肩ロースで塩豚	1492503
旨塩	1684048
旨塩あったか鶏そば	1671728
旨塩で簡単すぎるっベーグル卵サンド	1405686
早く食べたいから・・・短時間で塩糀	1641786
旬。ホウレンソウ塩ナムル。	1370276
旬の新玉ねぎ＠レモンでさっぱり簡単塩豚丼	1427306
旬の秋鮭塩麹で。	1618523
旬の豆と鶏肉の塩だけ炒め	1444780
昆布塩でうま味たっぷり／簡単手羽先焼き	1568988
昆布茶でサクッと和風塩唐揚げ	1511349
昆布茶で簡単ジューシー鶏の塩唐揚げ	1436993
明太塩昆布大葉マヨおむすび	1595473
映画のお供に！うす塩味のポップコーン	1491993
春の塩豚カルボナーラwith菜の花	1386091
春の蒸しパン桜の塩漬け	1401261
春キャベツとプチトマトのマジックソルト炒	1450469
春キャベツと塩こんぶの超簡単浅漬け	1415154
春キャベツと塩昆布の野菜炒め	1409958
春キャベツと新たまねぎの塩だれ豚	1419381
春キャベツの塩ぽんず和え	1405267
春キャベツの塩サラダ	1413039
春菊と塩鶏のマヨ醤油和え	1604139
春菊と胡桃の❀あっさり塩サラダ	1617623
春菊の塩昆布あえ	1622224
春菊の塩昆布和え	1355284
春菊の塩昆布炒め	1627606
春野菜と丸ごと豆腐の塩麻婆	1390757
春雨とネギのさっぱり塩炒め	1360849
春雨の胡麻塩和え	1597779
時短ルクエで3分ツナ塩焼きそば	1446319
時短簡単。白菜の梅塩昆布和えナムル風	1384127
時短！ワタシの塩麹	1635148
時短＆簡単すぎの塩鶏	1362069
晩酌の友！！ヒラメの塩麹揚げw	1585691
晩酌の箸休めに｝塩昆布やっこ	1413541
暑いからお蕎麦で塩焼きそば	1503226
最強唐揚げ	1481085
最速？大根菜の塩もみ	1629189
有頭海老の塩焼き	1663426
朝✤パン耳でクレイジーソルト＆レモン焼き	1647739
朝ごはんかぼちゃパン、エビマヨ豚ネギ塩	1631730
朝ご飯塩バターの雑炊	1502247
朝でも簡単塩こん焼きおにぎり	1342259
朝ゴハンに塩麹入納豆オムレツ	1690607
朝食に塩麹トースト	1621686
朝食に甘エビの塩炒め	1445370
木綿豆腐の塩麹田楽	1645147
本格塩麹deバーニャカウダ	1529492
材料2つだけ ごぼうの塩昆布炒め	1451311
材料2つ一分で和風ズッキーニと塩昆布	1508279
材料3つde塩麹	1693588
材料3つ、時間がない時の豚塩丼	1368568
材料これだけ かんたん 塩煮豚	1421528
材料はネギと豚だけのネギ塩豚炒め 	1626521
松前漬けリメイク！塩麹で白菜の漬物	1668142
枝豆と薄揚げの塩炊き込みご飯	1632113
枝豆の塩ゆで	1445897
枝豆の塩ゆで	1486786
枝豆の塩漬け	1592051
枝豆ゆかり塩昆布おにぎり	1609883
枝豆塩昆布チーズおにぎり	1351868
柔らか塩豚と玉ねぎの酢煮	1663811
柔らか｝い茹で塩豚	1386047
柚子丸ごと！ 塩こうじ鍋	1657234
柚子塩かけてみた✿じゃがいもver．	1390595
柿の塩ダレ和え	1636201
栗の塩ケーキ	1600692
根菜とエリンギ、ベーコン、塩麹のマリネ	1676710
根菜の塩麹煮〆	1605513
根菜入り鶏塩バター鍋	1689246
桃屋の塩だしつゆで簡単タケノコご飯	1507554
桜いろ塩ナシビタミンたっぷりお漬け物	1408401
桜えび×玉葱のレモン塩トースト	1670468
桜の塩漬け	1664937
桜の塩漬けで桜塩むすび	1411649
桜の塩漬けで簡単春の浅漬け	1410723
桜の塩鶏	1397730
桜海老と春キャベツの塩焼きうどん	1582769
桜餅	1418788
梅と塩昆布のつくね	1496532
梅と塩昆布の卵焼き	1551721
梅びしお	1407582
梅びしお	1478361
梅びしお？	1467662
梅塩昆布でさっぱりキュウリ	1514680
梅干しと塩こぶの炊き込みご飯	1494184
梅干し漬け〜塩分10％	1485386
梅干の豚角煮〜塩味	1436588
梅講師直伝25 紅白の梅酢塩	1455292
梅＆塩こんぶ入り 卵焼き	1374899
極ウマ塩味砂肝のウェイパー炒め	1382099
楽々エリンギの塩バター炒め✿	1577559
楽うまっ鶏肉と長芋のネギ塩炒め〜	1644372
楽ちん塩豆腐のスモークサーモン巻き	1372193
止まらない塩味おかき	1362881
止まらない！簡単！塩昆布と大根の浅漬け	1685609
残ったさんまの塩焼きを蒲焼き風に！	1642007
残った塩茹でそら豆でお弁当おかず	1451050
残り野菜の塩こぶ炒め冷蔵庫のお掃除	1346193
母じゃのお弁当おかずきゅうりと塩こんぶ	1698946
母直伝うちの茹でない塩豚	1468815
水ナスサラダ塩昆布風味	1486553
水茄子の塩昆布モミモミヽ（´o＿；	1492424
水菜とお豆の塩だれナムル	1513318
水菜ともやしの塩焼きそば	1453509
水菜と塩昆布の浅漬け	1436919
水菜の塩ニンニクナムル	1414226
水菜の塩昆布モミモミサラダ	1534431
汁までうまい！あさりと鶏の塩うどん	1383288
油揚げが決め手塩バター焼きそば	1354377
油揚げのもやしチーズ塩昆布焼き	1581149
油揚げ青菜の塩コブ紅生姜ソテー	1701675
洋風な塩ラーメン	1444766
洋風ぶりの塩焼き	1651067
洋風塩焼き ワラサのマリネグリル	1656039
洋風塩肉じゃが	1641270
洋風！塩鮭カロリーダウン	1586949
活力鍋で塩肉じゃが	1436922
海老とセロリと春雨の塩炒め	1376456
海老とチンゲンサイの塩胡椒あんかけ	1638939
海老と帆立とブロッコリーの塩昆布炒め	1383274
海老の塩炒め	1497636
海老の塩焼き	1478773
海老塩スティック	1580163
海苔と塩昆布のサラダ	1357241
海苔・塩・ラー油かけるだけピリ辛簡単	1355747
海鮮塩焼きそば	1531314
海鮮塩焼きそば	1630738
混ぜるだけキャベツと塩昆布のナムル風	1357228
混ぜるだけ簡単塩昆布パスタ	1505013
温キャベツと塩昆布のおつまみ	1439348
満足❤圧力鍋＆塩麹で柔らか塩焼豚	1647300
滋味 塩麹からあげ	1597600
漁師の塩ザンギ！	1637460
漬けて焼くだけ！鮭の塩ダレ焼き	1626401
激うま塩鶏のグリル焼き	1689603
激ウマ塩昆布キャベツ	1554762
激ウマ！ 手羽先のからあげ 塩コショウ味	1459918
激ウマ＊上海餅＊塩味＆amp；辛口	1624103
激安 塩にしんのムニエル、カレー風味	1646330
激旨ふわふわハンバーグのおろし塩だれ	1629708
激旨やわらか牛ステーキのおろし塩だれ	1631267
激旨ネギ塩ラー油	1645891
激旨塩鯖ご飯	1466228
激旨豚しゃぶスライスおろし塩だれがけ丼	1630583
激甘塩黒糖練乳くるみトースト	1639208
濃厚チーズ さくさく塩チーズクッキー。	1345874
濱家の 塩ダレ	1411726
災害時、風邪、下痢のときに「経口補水塩」	1385714
炊飯器de根菜塩けんちん汁	1433255
炒め野菜と塩さんま和え	1697403
炒りごま塩	1455871
烏賊の塩焼きそば	1673703
無塩ドレッシング 生姜風味	1654958
無塩パン ＊バジル＆チーズ	1420916
無塩澄ましバターの作り方	1616910
無油脂焼きドーナツサレ塩味焼きド	1435002
無添加鶏塩きのこ鍋	1670085
焦げにくい鶏の塩からあげ	1625071
焼きかぼちゃガーリックソルト	1386984
焼きエリンギ青のり塩。シンプルだから美味	1466055
焼きカレーin塩豆腐	1554406
焼きキャベツの塩玉子のせ	1436590
焼き塩の作り方	1467215
焼き肉屋サンを参考に＊うちの旨塩きゅうり	1340284
焼き芋が大変身リメイク！！塩さつまいも	1591664
焼き餃子リケンくせになるうま塩	1696342
焼き鯖＠塩麹	1640708
焼き鳥屋の手羽先の塩焼き	1699879
焼くだけ！楽チンぶりの塩焼き	1464223
焼さけあらほぐしで塩味あんかけうどん	1355871
焼さけあらほぐしのり塩ハッシュドポテト	1352228
焼肉 塩だれレシピ◆喜八家本家 三福庵	1655314
焼肉のたれ＋おろし新玉ねぎで！塩鶏焼肉	1462722
煮豚のピーマンと長ネギの塩ナムル和え	1341851
熱々カリカリ厚揚げのピリ辛ネギ塩ダレ	1691627
熱々！いかたっぷりあんかけ塩焼きそば	1425908
熱中症対策すいかの皮と塩昆布の漬物	1517945
牛すじの塩胡椒炒め	1374854
牛たたきの塩麹入り味噌漬け。	1607909
牛たんの塩煮込み	1337944
牛もも肉でタタキ。ハーブ塩とニンポンで	1421074
牛スジと野菜の塩煮込み	1430919
牛筋肉カレー 塩麹甘酒えのき氷入	1672893
牛肉ときのこの塩麹照り焼き	1592194
牛肉とじゃがいものバター塩にんにく炒め	1376953
牛肉入＊きんぴらごぼう＊塩＆amp；レモン味で＊	1499681
牛蒡の塩金平	1590681
牛豚ひき肉だんご塩ちゃんこ鍋にIN	1336969
牡蠣のムニエル・塩麹トマトソースで	1511139
玄米麹 de 塩麹作り	1522510
玉ねぎときゅうりと塩丸いかのマリネ	1482397
玉ねぎの塩麹マリネのほろにがサラダ	1603269
玉ねぎまるごと塩麹グリル	1644149
瓜と塩昆布と昆布茶の漬物	1505584
甘くない塩マヨネーズのスコーン朝食に	1554258
甘く塩 ］］	1669921
甘さ控えめ塩マシュマロトースト	1348810
甘しょっぱいゴマ塩トースト❤	1577906
甘じょっぱい✿はちみつ餡塩ホットケーキ	1345331
甘タレ豚バラのネギ塩ダレ丼！	1395255
甘酒ミルクプリン塩麹のせ	1700960
甘酒＆塩麹で和風玉葱ドレッシング	1641902
生わかめを塩蔵	1405759
生チョコバナナトースト塩が決め手	1512631
生姜、塩麹入りの豚汁	1668944
生姜たっぷりしお味そぼろ	1423706
生姜たっぷり身体ポカポカ❤塩しょうが鍋	1615520
生姜でポカポカ絶品鶏塩鍋	1683166
生姜と塩昆布のご飯	1328306
生姜塩こんぶおにぎり	1489619
生姜香る塩昆布とネギのおにぎり	1377649
生落花生の塩茹で	1604190
生食イカから塩からにする方法	1505976
男が作るネギ塩チキンステーキ	1454960
男の塩鍋	1361520
癒し系〜サツマイモのゴマ塩バター	1355935
白いお魚ふりかけで！ヘルシー塩焼きうどん	1624857
白いかの塩麹焙り焼き	1535104
白い塩マーボー豆腐	1478019
白だし大根と塩豆腐の韓国味噌かけ	1564660
白だし＋塩麹 de 伊達巻き	1656302
白ワインに合う海鮮塩焼きそば	1668889
白桃の塩かすたーどマフィン	1606909
白滝いっぱい。塩じゃが	1464014
白色きのこの塩昆布和え	1484350
白菜が甘い！塩昆布和え	1362474
白菜ときくらげの塩麹炒め	1663405
白菜とたっぷりネギのさっぱり塩炒め	1632024
白菜とひき肉の塩麹煮	1706833
白菜とひき肉の重ね煮〜塩麹で滋味深く〜	1637796
白菜とツナの中華風	1367808
白菜とベーコンとコーンの塩バター蒸し	1348679
白菜と塩こんぶのマヨぽんサラダ	1601991
白菜と塩昆布で簡単サラダ	1343300
白菜と塩昆布と粉チーズのサラダ	1366005
白菜と塩昆布のクリーミーサラダ	1380287
白菜と塩昆布のサラダ	1320183
白菜と塩昆布のバター和え	1653701
白菜と塩昆布のレンジ蒸し	1624075
白菜と塩昆布の炒め物	1370268
白菜と塩昆布レンジ蒸し	1351704
白菜と塩麹の浅漬け	1639275
白菜と塩麹豆腐の貝柱煮	1469897
白菜と桜えびの塩やきそば	1387038
白菜と油揚げの塩炒め	1687159
白菜と豚と塩麹	1660413
白菜と豚バラの塩炒め	1623588
白菜の和風サラダ｝塩こんぶのせ｝	1670493
白菜の塩あんかけ	1617224
白菜の塩昆布和え	1590677
白菜の塩昆布和え	1618190
白菜の塩麹サラダ	1641960
白菜の塩麹スープ生姜風味	1648574
白菜の塩麹浅漬け	1645148
白菜の塩麹漬け	1693009
白菜の浅漬け｝塩昆布和え｝	1372245
白菜の漬け物の塩昆布あえ	1690835
白菜の芯が主役！塩麹入り甘酢炒め	1695642
白菜・ネギ・油揚げのトマト塩麹煮	1678235
白菜塩もみハムサラダ］］	1552558
白菜＋チキンウィンナーの塩麹煮	1654816
白身魚と塩こんぶのサラダ	1460229
白身魚のソテー。ハーブソルト風味	1627139
白身魚の塩昆布チーズ	1554109
白身魚の塩麹漬け	1652895
真空保温調理鍋de赤ワイン塩麹ぜんざい	1678529
真鯛お刺身 塩昆布まぜまぜ	1494563
知ってた？グリルを汚さない魚の塩焼き	1512191
砂ずりと春キャベツの旨塩炒め	1409848
砂糖ゼロ！甘酒と塩麹de蕪の和え物	1691641
砂糖・卵・乳製品なしの米飴ソルトクッキー	1620096
砂肝とにんにくの芽の塩ダレ炒め	1406658
砂肝とエリンギのネギ塩	1627817
砂肝のねぎ塩✿	1527938
砂肝のネギ塩ガーリック炒め	1434497
砂肝のネギ塩レモン炒め	1379522
砂肝の塩蒸し炒め	1701807
砂肝の塩麹炒め	1696960
砂肝の炒めものbyマジックソルト	1576495
砂肝塩だれ炒め	1530633
砂肝塩麹炒め	1582455
研究の末の塩キャラマカロン	1400172
福白金時豆カレー塩麹、えのき氷、甘酒入り	1672246
私のお気に入り塩チョコクッキー	1454056
私の塩焼きそば	1507627
私の塩麹 	1573272
私の塩麹｝	1656233
私の好きなサッポロ一番塩らーめんの食べ方	1477445
私流✿さんまの塩焼き	1580072
秋の名残〜塩麹で栗ご飯＊	1641951
秋刀魚のこだわり塩焼き	1506460
秋刀魚のクレイジーソルト胡椒焼き	1572082
秋刀魚の塩水煮	1513920
秋刀魚の塩焼き	1524257
秋刀魚の塩焼き	1571174
秋刀魚の塩焼き おろしダレ	1461998
秋刀魚の塩焼きを極めよう！	1613103
秋刀魚の塩麹焼き	1606377
秋刀魚塩焼き	1520543
秋色フレンチトースト塩キャラメルソース	1606693
秋麗！職人仕込みの秋刀魚の塩焼き	1590576
秘密は酒つばすの塩焼き	1438488
究極のシンプル塩焼きそば！	1691059
空心菜と魚介の塩炒め	1460351
空芯菜のにんにく塩炒め	1526857
空豆と塩昆布の炒め物 ｝中華のおつまみ｝	543827
空豆の塩胡椒炒め	1527274
竹の子の塩炒め	1394885
第1弾 塩麹で鶏の塩焼き	1674703
第2弾 塩麹で鶏のからあげ	1676704
第3弾 塩麹でほんのり塩味の雑穀米ごはん	1683787
筍inあさりと豚バラの塩だれ炒め	1418532
筍のクレイジーソルト炒め	1439501
筑前煮サッパリ塩味バージョン	1504930
箸休めにエリンギ塩こんぶ炒め	1594577
節分に！塩麹de黒豆の炊込みご飯	1692743
簡単 お湯を注ぐだけ 塩昆布スープ	1410099
簡単 ごま油香る 塩コンブごぼう	1606641
簡単 のり塩ポテトサラダ	1604736
簡単 塩こぶde春雨きゅうりサラダ	1406534
簡単 塩だらのトマト煮	1354767
簡単 塩麹を使ったチキン南蛮	1637278
簡単 夏の豆腐DE塩丼	1504109
簡単 第一弾 豚バラ塩コショウ焼き	1372586
簡単 美味しい 塩麹 乾燥麹バージョン	1656309
簡単 美味しい塩麹 生麹バージョン	1670348
簡単 話題の塩豆腐	1552467
簡単 鯛のアラ塩焼き お頭つき 	1381705
簡単ღ◕ܫ◕ミズの塩昆布あえ	1487852
簡単‼ズッキーニの塩だれ炒め	1491334
簡単‼塩こんぶでキャベツの浅漬け	1441201
簡単✩ロメインレタスの塩にんにく炒め	1656888
簡単、黒豆ご飯！発芽玄米	1480724
簡単〜きゅうりと茗荷の塩昆布漬物	1469748
簡単あさりと昆布と塩の炊き込みご飯	1634804
簡単あっさり鶏肉の塩ダレ	1552234
簡単あったかぽかぽか！！ スタミナ鶏塩汁	1594429
簡単あと一品に玉ねぎワカメ塩炒め	1384196
簡単うまい！もやしのネギ塩炒め	1510888
簡単うますぎ〜！我が家のもやしお浸し	1392110
簡単えのきの塩こんぶ和え	1338322
簡単えのきの塩こんぶ和え✿Ver．2	1416462
簡単おいしいかんぱちのあらの塩焼き	1492849
簡単おいしいしっとり塩鶏	1639440
簡単おいしいすりごま塩にんにく納豆	1683840
簡単おいしいナスの塩もみ	1506334
簡単おいしい塩バターパンプキン	1418761
簡単おいしい大根葉入り塩だれ納豆	1673491
簡単おいしい！話題の塩鍋鶏だんごと白菜	1474261
簡単おかず かぼちゃのマヨ塩こんぶ炒め	1369972
簡単おこわ	1343867
簡単おせんべい 〜塩味〜	1391666
簡単おつまみ 塩麹焼鳥	1665363
簡単おつまみ✿砂ずりの塩コショウ焼き	1353225
簡単おつまみ厚切り豚バラの塩こしょう焼	1674513
簡単おつまみ塩麹でブリカマ焼き	1644682
簡単おつまみ塩麹で鱈の白子焼き	1644655
簡単おつまみ魚肉ソーセージの塩唐揚げ	1577075
簡単お弁当✿ブロッコリーと豚肉塩炒め	1437765
簡単お手軽塩昆布	1664244
簡単お麩ラスク塩キャラメル風味	1585592
簡単かぶと鶏肉のシンプル塩炒め。	1351091
簡単かぼちゃの塩バター味	1595159
簡単きゅうりと塩昆布の冷やし茶漬け	1494248
簡単きゅうりと塩昆布の和え物	1707401
簡単きゅうりの塩ナムル	1513370
簡単しその塩漬け	1555347
簡単しっとり豚ロース肉の塩麹漬け焼き	1419998
簡単しめじとトマトの塩味ラグーパスタ	1369302
簡単しゃけと塩昆布の炊き込みごはん	1387951
簡単すぎて旨いきぬさやの塩麹炒め	1698494
簡単すぎる塩さばの竜田あげ	1617223
簡単すぎる塩ラーメン	1409426
簡単すぎる！話題の塩肉じゃが	1465915
簡単すぎ塩麹で焼きおにぎり	1673051
簡単すぎ？イカゲソのねぎ塩炒め	1412435
簡単せせりの塩炒め＊ガーリック風味＊	1696877
簡単っ！◆レタスと竹輪の塩昆布サラダ◆	1439476
簡単でおいしいあっさりシンプル塩うどん	1619905
簡単でびっくり豚肉舞茸巻きの塩麹炒め	1439158
簡単で感動の味鶏と椎茸の塩炊き込みご飯	1642045
簡単で旨い！きのこの塩からバター炒め	1587482
簡単で美味しい！ 塩麹	1473096
簡単とり塩丼	1510372
簡単なのに激旨かぶの塩昆布もみ	1374216
簡単な塩鶏	1404931
簡単にぶりの塩焼きやき	1453672
簡単にアスパラ 塩コショウのみ	1397127
簡単にワンボールde塩チョコケーキ	1494462
簡単ねぎ塩おにぎりかやく	1482523
簡単はちみつ塩鶏	1368066
簡単もう一品！！キャベツの塩昆布和え！！	1451375
簡単もやしの塩麹炒め	1612997
簡単エビとバジルのクレイジーソルト炒め	1502893
簡単オクラとちくわの塩昆布和え	1365840
簡単カレイのクレイジーソルト焼き	1652203
簡単カレイの塩タイム焼き	1526202
簡単キャベツとしめじの塩麹炒め	1621601
簡単キャベツの塩昆布和え	1410407
簡単キュウリのマヨ塩コンブ炒め	1434114
簡単キュウリの塩もみマヨ和え	1490504
簡単コーンと塩昆布のポテサラ	1589231
簡単ゴマが決め手の塩からあげ	1481974
簡単ゴーヤの塩こんぶ和え	1582894
簡単サクサクほろほろ塩チョコクッキー	1707179
簡単サッパリ塩味手羽先	1692661
簡単サーモンの塩ダレ	1626686
簡単シンプル！鰆の塩麹漬け	1693324
簡単ジューシー＊鶏の塩焼き	1401667
簡単ツナ塩昆布ご飯	1453811
簡単ハーブソルト	1383314
簡単パパッと手羽先の塩コショウ焼き	1348185
簡単ヘルシー鶏ムネ肉で焼鳥のねぎま	1338024
簡単マジックソルトでフライドチキン	1654069
簡単ムネ肉でジューシー塩鶏	1533289
簡単ムール貝の塩オーブン焼き	1399293
簡単メチャうま牡蠣の塩昆布ホイル焼き	1411369
簡単モリモリ！塩鶏とキャベツのサラダ	1377123
簡単レモン香るさっぱり塩やきそば	1462625
簡単ロースハム 塩麹Ver．	1660661
簡単・おいしい ごま油塩おにぎり	1690948
簡単・小松菜と炒り卵の塩炒め	1484048
簡単・菜の花とわかめのにんにく塩炒め	1379424
簡単一品。えのきの塩昆布和え	1670718
簡単一品きゅうりの塩昆布あえ	1509479
簡単万能ネギ塩タレ	1381583
簡単三ツ星塩麹のポテトサラダ	1696666
簡単冷たい塩ラーメン	1623110
簡単冷凍ポテトの塩胡椒オーブン焼き	1500042
簡単塩からあげ	1579840
簡単塩きんぴら	1393647
簡単塩きんぴら	1504418
簡単塩こんぶ焼おにぎり	1346756
簡単塩こんサラダ	1125614
簡単塩しゃけマヨどんぶり	1655430
簡単塩だしつゆで茄子の揚げ浸し	1483521
簡単塩ちゃんこ鍋	1656844
簡単塩ちんすこう	1700637
簡単塩アメ	1411272
簡単塩カラメル大学芋	1609558
簡単塩キャベツ	1467532
簡単塩キャラメルパンみみ	1691445
簡単塩コショウのスパサラダ	1441040
簡単塩コンブde大根サラダ	1363848
簡単塩唐揚げ	1403495
簡単塩唐揚げ	1630362
簡単塩昆布でキャベツサラダ	1371172
簡単塩昆布オムレツ	1452969
簡単塩昆布茶漬け	1628020
簡単塩焼きそば	1465772
簡単塩焼きそば	1594101
簡単塩焼きそば	1704902
簡単塩焼きそば	1708032
簡単塩豆腐とクリチーの白和え	1366384
簡単塩豚ひきにく	1588110
簡単塩豚丼	1692590
簡単塩鮭とほうれん草のワイン蒸し	1503712
簡単塩鮭イタリアン風	1517232
簡単塩鶏ならぬ、塩昆布鶏	1461299
簡単塩麹	1682163
簡単塩麹から揚げ	1686940
簡単塩麹さわら焼き	1698929
簡単塩麹でツナじゃが	1697482
簡単塩麹と大蒜醤油漬け鶏	1685204
簡単塩麹ネギマ	1687260
簡単塩麹ハヤシライス	1706920
簡単塩麹レンコン天ぷら	1686932
簡単塩麹卵焼き	1686571
簡単塩麹漬けブリ焼き	1677465
簡単塩麹漬け柔らかチャーシュー	1703358
簡単塩麹漬け豆腐	1677453
簡単塩麹漬鶏肉の野菜タップリホイル焼	1622808
簡単塩麻婆豆腐	1421516
簡単我が家の塩味煮物	1340541
簡単手作り塩麹	1649271
簡単水菜と シーフードの塩昆布炒め	1409402
簡単水菜とミョウガの塩昆布マヨ和え	1581301
簡単牛ダシダで作る塩焼きそば	1499831
簡単甘くてしょっぱいチョコ塩キャラメル	1358482
簡単癖になるネギたくさん豚の塩麹炒め	1639411
簡単美味い！もやしおなむる	1454182
簡単美味しい塩麹チキン	1625599
簡単美味しい梅＊塩昆布＊チーズごはん	1424905
簡単美味しい！みんな大好き塩豚	1575588
簡単美味！お弁当に便利！人参の塩きんぴら	1626810
簡単自家製炒め用ソルト	1412764
簡単菜花と塩豚のチャーハン	1413860
簡単豚こまと九条ねぎのガーリック塩炒め	1481148
簡単豚玉塩バター炒め	1568920
簡単豚肉ともやしの塩昆布炒め	1594707
簡単速攻あと一品！塩ダレきゅうり	1445416
簡単過ぎな一品オクラの塩こぶ和え	1566970
簡単野菜の塩昆布和え	1434449
簡単野菜炒め＆塩焼きそば	1585049
簡単香港麺塩鶏焼きと新玉ねぎ添え	1400676
簡単鶏の海塩焼き	1512574
簡単鶏もも肉のネギ塩麹焼き	1616677
簡単鶏レバーの塩ガーリックオーブン焼き	1411808
簡単鶏手羽中のクレイジーソルト焼き	1586416
簡単鶏肉のねぎ塩ソースかけ	1468182
簡単！ メバルを塩焼きにしてみませんか？	1508325
簡単！いろどり野菜の塩ポン酢がけ	1601210
簡単！うま！ひじきと鮭の塩昆布チャーハン	1352641
簡単！えのき＆amp；ピーマンの塩コショウ炒め	1436317
簡単！きゅうりときくらげの塩こんぶ和え	1423307
簡単！さっぱりこく旨！肉じゃが塩サラダ 	1506927
簡単！さっぱりレモン塩だれの豚丼	1523875
簡単！さっぱり生姜と塩昆布の卵かけご飯	1556166
簡単！さっぱり鶏塩親子丼	1420956
簡単！さつまいもの塩バター	1621711
簡単！せせりの塩焼き	1385101
簡単！なんちゃって塩ペスカトーレ	1577400
簡単！もやしと塩昆布のナムル	1413819
簡単！アスパラとシーフードmix旨塩炒め	1521816
簡単！キャベツと塩昆布のサラダ	1504391
簡単！キャベツと塩昆布の浅漬け	1447158
簡単！サッパリ！茗荷ともやしの梅塩和え	1566750
簡単！ピーマンと塩こぶ	1375139
簡単！ピーマンと塩昆布和え	1594584
簡単！レタスと塩昆布のやみつきサラダ	1440169
簡単！ワインにあう！そら豆の塩こうじ合え	1465148
簡単！万能！塩ネギダレ	1555319
簡単！塩こうじ de 浅漬け風 彡	1690347
簡単！塩ゆで鶏	1551934
簡単！塩キャラメルバナナチーズケーキ。	1410919
簡単！塩冷や奴	1572885
簡単！塩昆布de温やっこ	1693290
簡単！塩昆布で旨旨キャベツ	1418390
簡単！塩昆布と鰹節の佃煮	1646994
簡単！塩昆布の浅漬け	1470885
簡単！塩昆布チャーハン☺	1700797
簡単！塩漬け豚バラ肉とレンズ豆の煮込み	1587686
簡単！塩焼きそば	1606504
簡単！塩肉じゃが	1472302
簡単！塩豚	1660329
簡単！塩豚と玉葱の蒸し炒め	1433867
簡単！塩豚風の味噌ダレ	1573528
簡単！塩麹チキンバーグ	1672634
簡単！夏にもってこいジャガタマ塩！！	1495559
簡単！失敗なしのカッパなんこつの塩焼き	1354065
簡単！家族に評判の塩もんじゃ焼き	1442240
簡単！小豆の塩茹で煮物に、甘味に！	1411550
簡単！我が家のおやつ｝かつぶしおにぎり｝	1456379
簡単！我が家の塩唐揚げ	1568420
簡単！旨うま！大根の塩昆布マヨサラダ	1556828
簡単！柔らか塩鶏	1638489
簡単！梅とベーコンと塩昆布のパスタ	1407647
簡単！激ウマ！塩昆布de和え物	1475219
簡単！白菜と柚子と塩昆布の浅漬け	1652368
簡単！絶品！塩ゆで鶏！	1693092
簡単！美味しい｝キャベツの塩昆布和え	1553233
簡単！美味！柔らか塩チャーシュー	1442719
簡単！茄子とトマトの塩ぽん酢がけ	1607847
簡単！豚肉の塩昆布炒め	1420815
簡単！豚肉ネギ塩炒め	1474348
簡単！超おいしい塩味の地鶏丼	1642819
簡単！食べておいしい塩焼きそば	1497234
簡単！！ゴーヤと塩コンブの炒め物	1585924
簡単！！塩こんぶチーズおにぎり	1396319
簡単！！塩トーストパン	1449566
簡単！！塩焼きうどん	1446754
簡単！！栄養満点豆苗と豚肉の塩昆布炒め	1493304
簡単！！美味しいブリの塩麹焼き	1666737
簡単＆あっさり！塩鶏のハム	1384369
簡単＆さっぱり塩さばソテー	1610449
簡単＆万能ネギ塩ソース	1356399
簡単＆美味新ジャガとシメジの塩麹炒め	1708394
簡単＊きのこのネギ塩いため	1652603
簡単＊ちくわとキュウリの塩昆布和え	1372035
簡単＊ハーブソルトde豚のホイル焼き	1634824
簡単＊塩きなこクッキー	1392088
簡単＊塩こんdeピーマンと人参のごま炒め	1620980
簡単＊塩こんde小松菜の浅漬け	1613314
簡単＊大好き朝の塩きなこトースト	1426656
簡単＊失敗なし 塩サバの酒蒸し	1443308
簡単＊豚肉と玉ねぎのさっぱり塩レモン炒め	1631141
米粉de塩唐揚げ 手羽元ver	1456871
米粉で塩麹ミートドリア。	1682024
米粉のから揚げ風 塩味アレルギー対応	1430999
米粉の塩豆蒸しパン	1398744
米粉塩クッキークラッカー＊卵牛乳小麦なし	1621768
米麹酵母甘酒いり食パン	1664260
糖質オフ シンプル塩おからクッキー	1665674
約5分で簡単スナップえんどうの塩茹で	1428035
紅しぐれ大根の塩麹ゆず大根	1658396
紅生姜と塩昆布のおにぎり	1386784
納玉塩昆布ご飯	1703205
納豆と塩こんぶの卵焼き＊	1531663
納豆にも塩麹甘みが増しますよー	1675423
納豆ねぎ塩チャーハン	1387854
納豆塩昆布バゲットトースト	1674713
納豆塩焼きそば	1444198
納豆＠塩麹	1633750
素材味塩で煮詰める基本のトマトソース	1373385
紫大根の塩麹漬け	1701356
紫芋のシンプルソテー 塩が決め手！	1676775
紫蘇の実の塩漬け	1593244
結果は半年後。 オリーブの塩漬け実験。	1611427
絶品2種のハーブ塩唐揚げ！	1591920
絶品‼ハーブ塩豚のオーブン焼き	1379976
絶品❤塩麹きのことベーコンのパスタ	1681850
絶品トマトのごま塩和え	1406773
絶品ネギ塩たれ豚のから揚げ	1509555
絶品・ヘルシー！！うちの塩とり皮	1349440
絶品！ターキー塩漬けロースト	1374552
絶品！塩だけで鶏ムネ肉の唐揚げ！	1596929
絶品！砂肝塩コショウ炒め	1513852
絶品！魚肉とちくわのゴマ塩炒め	1400453
絶品！！旨塩ホルモン焼きそば	1526768
絶妙！あっさりこくウマ塩ちゃんこ！	1583699
絶対うまい！塩じゃこ素麺中華風	1590634
絶対失敗なし豆腐塩鍋	1614685
絶対美味しい茹で枝豆…塩は惜しみなく	1580166
絶対美味しい！ねぎ塩	1434737
緑茶プリン 黒蜜塩きなこクリーム	1487531
練って美味しい塩鶏団子鍋	1366748
美味しい 梅塩しその葉	1493420
美味しいたけの塩そぼろ詰め	1380940
美味しいよ塩味のお雑煮	1666655
美味しいイタリアンな塩豆腐ノ	1378261
美味しいクレソルで塩レモンの豚丼	1641857
美味しい塩大学いも	1597718
美味しい塩焼きそば	1634470
美味しい塩鮭の焼き方	1568862
美味しい！塩焼きうどん	1411161
美味しくて好きな納豆の食べ方塩昆布入り	1476163
美味イカ塩焼きそば	1478596
美味！ごぼうと牛肉と長芋の塩麹甘辛炒め	1634008
美味｝塩バタキャベツちゃんぽん	1599784
美容に健康に塩麹での作り方	1703705
美肌ほうれん草と大豆の塩麹和え	1702618
美肌！ ミニトマトの 蜂蜜塩ヨーグルト	1697176
聖護院カブの塩コンブ和え	1695780
肉と野菜ときのこの牛ダシダ塩ニンニク炒め	1409162
胃にやさしい 爽やかレモンの塩だれ豚丼	1656743
胃に優しい？胡瓜ミルク塩ラーメン	1524278
胡瓜塩砂糖胡麻漬	1425598
胡麻たっぷり黒蜜・塩トースト	1586455
胡麻＋生姜＋ちょい塩の甘いトースト	1655342
胸肉で塩麹炒め	1706770
脱帽。。。塩豚と蓮根入りのまめ混ぜご飯	1575607
自分memo 塩どりの天ぷら	1521832
自分memo 手羽元の塩照り煮	1521877
自分用塩クッキー	1399583
自宅で手作り＊塩麹さん＊	1700355
自宅で簡単焼き肉「お店の塩味」	1446535
自家製 鶏塩ラーメン	1659077
自家製ベーコン｝塩加減がツボ｝	1519391
自家製ヤンニョムジャン	1597844
自家製塩鯖	1581296
自家製梅子びしお	1536567
自家製簡単 ごま塩きゅうり	1434092
自然食＊グリーンパスタ【塩麹レシピ】	1473343
臭くない柔らか蒸し鶏塩漬けしてから	1706232
臭くない秋刀魚の塩焼き	1481813
舞茸の塩昆布炒め	672652
色々使える！やわらか塩鶏	1622684
色々使える！塩豆腐	1508584
花椒塩入りのソースで、とんかつ	1425381
芽キャベツの塩麹炒め	1690370
芽キャベツの柚子塩麹炒め	1708775
若鶏の塩麹ふっくら照り焼きチキン	1707700
若鶏の塩麹漬け	1679959
苦うま！ピーマンと大根の塩昆布サラダ	1383148
茄子としめじの塩糀胡麻炒め	1616868
茄子と塩豆腐と豚バラのしゃぶしゃぶサラダ	1529997
茄子の塩もみ	1575508
茄子の塩漬け	1516242
茎ブロッコリーとカリフラワー塩炒め	1695240
茹でて和えるだけ！ブロッコリーえび塩和え	1567981
茹で卵の塩麹漬け	1687085
茹で塩豚	1657211
茹で塩豚のサムギョプサル風	1386048
菊芋とキノコの塩こんぶ炒め	1368323
菊菜の塩昆布あえ	1608595
菜の花と塩豚のチャンプルー	1379611
菜の花と春キャベツのの塩コン炒め＊。	1397846
菜の花と舞茸の塩麹パスタ	1705991
菜の花と豚バラの塩炒め	1343975
菜の花のまろやか塩麹マスタードサラダ	1679179
菜の花のクレイジーソルトマヨチーズ和え	1572080
菜の花の塩こぶナムル	1381742
菜の花の塩漬	1389996
菜の花の塩漬け超簡単やでぇ。	1390144
菜の花の塩麹マヨネーズ和え	1701330
菜の花＆桜の塩漬のごま和え	1699822
菜ばなの塩スープ	1382394
落花生の塩ゆで	1516788
落花生の塩ゆで	1599776
葱×チーズ×塩麹のトースト	1668522
葱たっぷり｝塩味パンケーキ	1600845
葱と塩昆布のおにぎり。	1628429
葱塩こんぶご飯	1648578
葱塩レモントースト	1670472
蒸して！かけて！ネギ塩れんこん	1682054
蒸しパン塩黒糖！	1554626
蒸し野菜のひき肉入りハーブ塩あんかけ	1429748
蒸し鶏の塩麹の梅ねぎダレ和え	1648978
蒸鶏の塩ネギだれかけ	1357134
蓮根とオクラの塩つくね〜大根おろし添え〜	1619718
蓮根のシャキシャキ塩炒めヘルシー	1371444
蓮根の下ごしらえと保存に梅塩酢漬け 	1696020
蓮根の中華風塩きんぴら	1565228
蓮根の塩きんぴら	1421936
蓮根の塩炒め	1461147
蓮根入り塩麹の鶏団子。	1614461
蕨と春たまねぎの塩昆布和え	1412599
蕪とみょうがの塩もみ	1401144
蕪の塩麹汁	1676153
薄切り牛肉と塩昆布の和え物	1366960
薄切り豚ロースの塩ダレ焼き	1616633
薄切り鶏肉で時短・塩焼き	1676890
衣が余ったら塩天ぷら	1385865
袋1枚で簡単時短お砂糖サラサラ！お塩でも	1361763
見た目もOK 海老の塩焼きレモン風味っ	1427799
覚書 我が家の塩麹	1700651
親子丼塩ダレ	1363487
親鳥皮付きの『フライパン焼き鳥』塩味	1529701
計画停電に備え肉の塩漬け	1387382
記録用鶏肉とネギの味塩炒め弁当	1590495
話題の塩鶏でサクサクチキン	1361247
話題の塩麹	1638870
話題の塩麹deきゃべつのペペロンチーノ	1644873
話題の塩麹de万能きのこのオイル漬け	1647180
話題の塩麹で＊塩麹焼きそば＊	1708574
誰でも簡単もも肉の塩焼き	1424672
誰でも簡単止まらないオクラと塩昆布御飯	1507058
調味料3つでなんちゃって塩ダレ	1381882
調味料は塩のみ！5分でできる簡単豆乳鍋	1360689
調味料節約！塩昆布野菜炒め	1604362
調理時間5分！簡単塩昆布チャーハン	1419029
豆、豆、花塩炒め。	1358033
豆乳で塩バニラみるくジャム	1533201
豆乳と塩麹でカボチャのヘルシー煮	1698829
豆腐ともやしの塩炒め	1617571
豆腐と塩麹と豚こまの肉団子	1629473
豆腐と野菜中華・塩炒め	1377776
豆腐と長ねぎ塩麹ペペロンチーノ	1666558
豆腐のつまみ	1353203
豆腐のオリーブオイルと塩昆布乗せ	1496751
豆腐の塩こうじ漬け	1395273
豆腐の塩麹炒り	1678483
豆腐の蟹とネギの塩あんかけ	1573494
豆腐を塩だけで食べよう。	1436298
豆腐塩焼きそば	1682650
豆苗と茄子の塩麹炒め	1610929
豆苗の塩こぶナムル	1447746
豆苗の塩麹炒め	1512815
豚こまと青梗菜の塩生姜あん炒め	1479869
豚しゃぶ〜ハーブソルト〜	1508543
豚ときのこの塩しょうが焼き	1507030
豚ときのこの塩昆布蒸し	1583275
豚ともやしの塩昆布レンジ蒸し	1672767
豚とれんこんの塩炒め	1345873
豚とキノコのサッと塩炒め	1404237
豚とキャベツの塩昆布いため	1705842
豚のさっぱりレモン塩炒め	1683704
豚のネギ塩ダレ	1511333
豚のネギ塩炒め	1337739
豚のネギ塩炒め	1359550
豚のピーナッツ衣ハーブ塩焼き	1522693
豚の塩焼き	1431304
豚の塩麹焼き	1642338
豚ばら肉とトマトのネギ塩ペペロンチーノ！	1684544
豚ひき肉の塩春巻き	1501203
豚もも肉の塩麹焼き	1592195
豚もやしのクレイジーソルト炒め	1340501
豚コマとネギの和風塩パスタ	1694165
豚ネギ塩炒め	1590980
豚ハツの塩とレモン炒め	1503653
豚ハム＠塩麹	1634806
豚バラとなすのあっさり塩炒め	1371903
豚バラとアスパラのマジックソルト串焼き	1313588
豚バラとカブの塩炒め	1706139
豚バラと塩昆布の和え物＊	1341743
豚バラと大根の塩麹煮込	1656812
豚バラと白うりの簡単塩ネギ炒め	1434806
豚バラと白菜の重ね鍋に塩ラーメンを入た鍋	1702503
豚バラにぴったり！塩ダレ丼	1655011
豚バラのネギ塩麹焼き	1652443
豚バラの塩パスタ	1425951
豚バラブロックで塩ゆで豚	1701920
豚バラブロックと白菜の塩麹煮	1706946
豚バラ塩炒め	1514634
豚バラ肉と白菜の重ね鍋塩味	1591914
豚バラ肉のかたまり塩のシンプル丼	1580563
豚バラ肉の塩麹漬け	1700519
豚バラ肉の塩麹煮｝	1671769
豚ヒレのクレイジーソルト焼き	1667260
豚・にら・もやしDE塩焼きそば	1492146
豚・エビ・ホタテの塩炒め	1556077
豚塩丼・・・？	1470475
豚小間とWネギの塩炒め	1400339
豚肉ときのこのネギ塩ダレ焼き	1609892
豚肉ときゅうりの塩炒め	1499689
豚肉ときゅうりの塩炒め	1554738
豚肉とさつまいもの塩麹炒め	1586376
豚肉としめじのネギ塩Don	1631719
豚肉とにんじんの塩こんぶ炒め	1389346
豚肉とエリンギのネギ塩だれ	1413977
豚肉とキャベツの塩昆布炒め	1571890
豚肉とキャベツの塩炒め	1449088
豚肉とゴボウの塩麹キンピラ	1588006
豚肉とピーマンの塩麹まみれ	1552911
豚肉とレンコンの塩炒め	1515557
豚肉と万能ネギの塩炒め	1482698
豚肉と人参とねぎの塩チーズ炒め	1708999
豚肉と塩昆布のオムレツ	1462991
豚肉と大根の中華風煮物塩麹が隠し味	1707416
豚肉と大葉の塩麹炒め	1707135
豚肉と春キャベツの塩だれ蒸し	1405601
豚肉と舞茸ともやし炒め塩昆布で	1377003
豚肉と野菜の塩出汁煮込み	1341117
豚肉と長芋の塩炒め	1469353
豚肉と青梗菜のねぎ塩炒め	1376896
豚肉と青梗菜ネギ塩炒め	1681647
豚肉のゆずと 金ごま 香る塩だれ焼き	1451298
豚肉のサッパリ塩炒め！	1354853
豚肉のネギ塩チャーハン	1534675
豚肉のハーブソルト巻き	1474197
豚肉の塩しょうが焼き	1683310
豚肉の塩だれ	1488129
豚肉の塩だれ炒め	1425949
豚肉の塩タレ炒め	1662416
豚肉の塩ダレ野菜	1582549
豚肉の塩焼きニンニク風味	1399330
豚肉の塩麹ネギ巻き	1701763
豚肉の塩麹漬け焼き	1685620
豚肉の塩麹焼きマーマレードソース	1706005
豚肉の梅シソスタミナ丼	1503250
豚肉の葱塩ソースがけ	1651828
豚肉キャベツの塩にんにく蒸し	1556842
豚肩薄切り肉の塩炒め	1508872
豚軟骨のネギ塩炒め｝ポン酢がけ｝	1370707
豪華！モヤシ炒めの塩レモン風味	1572226
贅沢食感塩つくね	1519188
赤い塩鶏！韓国唐辛子で旨から揚げ！	1370733
赤かぶの塩昆布漬け	1624078
赤しそと塩昆布のおにぎり	1338124
赤カブのねぎ塩コンブ	1657284
赤魚の塩麹焼き	1702175
超→簡単激うま本格ネギ塩だれ	1448453
超うまい！野菜タップリ塩焼そば	1582859
超シンプル鯖の塩焼き	1417730
超シンプル！蕪の塩煮、鮭あんかけ	1364488
超・簡単レシピ！アスパラの塩ダレ蒸し❀	1511991
超簡単 塩麹とBPの鶏唐	1697452
超簡単 鶏塩焼き 付け合せも一緒に	1367266
超簡単さっぱり美味梅塩昆布きゅうり	1343986
超簡単でビールが進む！砂肝ネギ塩炒め	1565192
超簡単なのに激ウマッ！新感覚な塩角煮	1422432
超簡単なスパム入り塩チャーハン	1390918
超簡単ふきの塩漬冷凍保存	1474272
超簡単キャベツと塩こぶのあっさりサラダ	1702128
超簡単ピーマンの塩こんぶ和え	1350288
超簡単・即席塩麹ラーメン	1692687
超簡単塩レモン焼きそば	1702721
超簡単塩味スープ	1576292
超簡単大根とひき肉の塩炒め	1679050
超簡単失敗しない野菜たっぷり塩焼きそば	1703789
超簡単激うま 鶏と白菜の塩麹タジン	1687588
超簡単激旨お肉がすすむ万能塩だれ	1628554
超簡単激旨やわらか煮豚の塩だれがけ	1628803
超簡単激旨万能和風おろし塩だれ	1628724
超簡単美味しい鶏もも肉の塩焼き	1355038
超簡単鶏肉のマジックソルト焼き	1528613
超簡単！「きねうち十割そば」を塩スープで	1551617
超簡単！うまいっ塩ダレ豚丼｝	1683448
超簡単！ピーマンと生姜の塩こしょう炒め	1495645
超簡単！ルクエで鶏の塩麹蒸し	1655912
超簡単！レタスの塩もみ漬け	1360831
超簡単！万能極ウマネギ塩だれ	1519696
超簡単！余りキャベツで塩キャベツ	1353879
超簡単！塩昆布できゅうりのナムル風	1581859
超簡単！塩麹でさわやか柚子胡椒	1661331
超簡単！小松菜と豚肉の塩炒め	1364663
超簡単！春キャベツの塩だれサラダ	1421572
超簡単！美味！オクラの塩こんぶ和え	1515299
超簡単！長イモの塩昆布和え	1637635
超簡単！！ 絶品塩唐揚げ	1583477
超簡単．．． 手羽先＆amp；手羽元の塩焼き	1419779
超絶簡単＊山芋の塩ダレ和え	1339691
超超超超簡単！塩ダレモンサラダ	1596477
超！簡単！塩きゃべつ	1453046
身体、暖まる塩昆布茶	1343548
身体に超いい｝米糀から作る｝塩糀	1701346
身体ポカポカ我が家のネギ塩	1646039
車えびのお頭塩焼き	1677537
車海老の塩蒸し−手軽度No．1なのに美味	1660287
軽く焼いたモツで美味しいスープの塩モツ鍋	1577490
辛くない激ウマ大根の塩カクテキ	1449357
適当に！塩ラーメン	1389480
適当バジル風味の塩	1512383
郷土料理塩味くじら汁＊くじら入けんちん	1664975
酒かすの塩昆布和え	1651500
酒の肴に簡単！砂肝ねぎ塩炒め	1439500
酒の肴＆ご飯のおかずにマゴチの塩麹揚げw	1595479
酒ツマ むき海老とシメジの塩炒め	1703389
酒ツマ 塩えびとキノコのポン酢炒め	1665418
酒ツマ 塩茹でヘルシー野菜ツマミ！	1619962
酒粕で旨みたっぷり塩鮭の酒粕煮！	1709003
酒粕の塩パンケーキ	1369961
酒蔵直伝！話題の「塩麹」	1643470
酢と塩でこんなにおいしい！簡単浅漬け	1580037
酢橘塩	1599469
醤油感覚で使える塩	767580
里芋と塩こんぶの煮っころがし	1601947
野菜がシャキシャキ美味しい！塩豚のスープ	1445877
野菜たっぷりの塩焼きうどん	1469015
野菜たっぷり中華丼	1599241
野菜たっぷり塩焼きそば	1385564
野菜たっぷり塩焼きそば	1595942
野菜たっぷり塩焼きそば	1683500
野菜たっぷり塩糀鶏の食べるスープ	1706094
野菜と豚こまのうま塩炒め	1500387
野菜のケーキ！“塩“チーズケーキ	1646466
野菜のシンプル塩炒め	1467533
野菜の塩ケーキケークサレ	1506024
野菜の塩昆布和え	1580124
野菜の塩麹炒め煮	1606378
野菜の塩麹炒め煮・トルコ風	1638932
野菜の餡掛け塩焼きうどん	1631179
野菜も旨い！俺の洋風塩焼きそば	1455992
金平牛蒡 ｝塩麹｝	1600882
金時豆煮＠塩麹	1708696
金目鯛の塩ユッケ	1380110
金針菜と紋甲イカの中華塩炒め	1525382
銀ダラの塩麹漬けグリル	1708731
鍋だしは買う必要なし！鶏ガラスープ塩鍋	1353444
鍋の残りで！中華塩だれ炒め	1377768
長いもとチキンの塩にんにくソテー	1662729
長いものたんざく｝塩昆布を添えて｝	1534742
長いもステーキバタークレイジーソルト味	1371490
長イモ・シメジ・もやしの塩バター炒め	1595229
長ネギとカマボコで簡単！塩焼きそば。	1681896
長ネギの塩ナムル	1419907
長ネギの塩味で大葉IN豚しゃぶ丼	1532635
長持ち食材 塩豚	1646066
長芋たっぷり‼超簡単〜塩味のお鍋	1643240
長芋ときゅうりの塩こんぶ和え	1515341
長芋とトマトの塩昆布和え	1565397
長芋とベーコンのカレー塩麹炒め	1683318
長芋と塩昆布の焼きおにぎり	1615501
長芋のわさび塩麹漬け	1703667
長茄子の塩麹漬け	1610658
間引き大根の塩漬け	1386623
雪塩ちんすこう風	1471960
電子レンジで簡単塩豚	1494511
青じその塩麹ケークサレ	1707127
青じそドレッシング＋塩で✿簡単浅漬けの素	1351350
青梗菜とシメジの塩炒め	1575312
青梗菜の塩麹ペペロンチーノ	1643930
韓国風❁海苔｝ごま油の香り＆塩味｝	1515331
韓国風野菜たっぷり塩豚煮込み	1664791
音が楽しい！蒟蒻・なんちゃってネギ塩タン	1484742
頑張り所。【水菜と砂肝の塩ナムル】簡単	1398954
風味チョイ足しおにぎり｝	1368877
風邪ひきさんの塩麹卵粥	1664397
食べやすい！ゴーヤの塩もみ	1513857
食べるネギ塩だれ	1637894
食べるラー油と塩こんぶDEご飯	1395122
食感楽しく 砂肝とセロリの塩レモン炒め	1431757
食欲増進！漬けマグロと塩アボガドの丼	1492465
香ばしく3度旨い。【砂肝と白葱の塩麹焼】	1650210
香ばしく塩昆布で鶏鍋	1358187
香ばし海老塩レモン焼きそば	1337108
香りがよい 柚子かけブリの塩焼き	1699242
香味野菜ラーメン塩麹卵のせ	1655814
香港風焼きそば	1632172
香草入りニンニク塩ラーメン	1461371
驚異の旨味体験＊塩麹グリルチキン＊	1643917
骨まで柔らか！圧力鍋de鰯の塩麹煮	1703417
骨付きモモ揚げの塩コショウ炒め	1491859
高知凄く濃厚な蟹味噌がツガニの塩ゆで	1612381
高野豆腐❤塩キャラメルプリッツ	1618152
高野豆腐でネギ塩タレの鳥ミンチ丼	1382575
魔法のお塩手作りハーブソルト	1622860
魔法のポテトのディップ塩漬けケッパー入り	1564827
魔法の調味料！！秋鮭の塩麹焼きw	1599082
魚の塩焼き＊美味しくするコツ	1437453
魚河岸あげ入り塩チャプチェ	1590079
魚焼きグリルで❤手羽元のさっぱり塩焼き	1352389
魚貝たっぷり！塩味の白スンドゥブチゲ	1700721
鮪と野菜の塩昆布和え	1469812
鮭とごま塩のおにぎり	1377078
鮭と玉葱とキャベツの中華風塩胡麻油スープ	1689635
鮭と舞茸のクレイジーソルトマヨチーズ焼き	1572081
鮭と野菜の塩麹蒸し	1696106
鮭のクレイジーソルト胡椒焼き	1573670
鮭のムニエルクレイジーソルト味	1484564
鮭の塩スープ	1516120
鮭の塩タイム焼き	1526952
鮭の塩焼き	1501106
鮭の塩焼きのコツ	1661153
鮭の塩麹グリル	1646679
鮭の塩麹漬けマヨチーズ焼き	1649478
鮭の塩麹焼き	1622493
鮭の山椒塩焼き	1649118
鮭キャベツもやしのネギ塩炒め	1280980
鮭フレーク×胡桃の塩レモン丼	1674406
鮭フレークと塩昆布の炊き込み	1359820
鮭マヨ ON 塩豆腐焼き	1355600
鮭塩こんぶ青ネギのおにぎり	1405445
鯖の塩煮	1422993
鯖の竜田揚げ＠塩麹	1706011
鯖塩餡	1581340
鯖缶の塩きんぴら	1479512
鯛のイタリアンハーブ塩焼き	1472934
鯛の塩焼き	1700920
鯛の塩焼きが大変身	1483538
鯛の塩焼きすだちおにぎり	1618938
鯛の塩焼き野菜あんかけ、20分	1457560
鯛の塩蒸し	1350360
鯛の塩麹炊き込みご飯	1704775
鯛の塩麹焼き	1583813
鯛の塩麹蒸	1688410
鯛の姿焼き塩焼きお祝	1348377
鰆の塩焼き・蕪のおろしのせ！	1688973
鰤と蕪の塩麹和え	1690325
鰹の塩たたき	1453824
鱈としめじの塩胡椒マヨネーズ焼き	1602628
鱈と白菜と豆腐のあっさり塩味スープ	1690804
鱒の塩焼き	1512533
鳥の塩糀焼き	1497520
鳥の塩麹蒸し	1655181
鳥はむ 塩麹Ver．	1652318
鳥もものネギ塩焼き	1635567
鳥皮塩焼き鳥	1469912
鳥肉と大根の旨煮	1355112
鳥胸肉の塩だれ煮込み	1440958
鶏がらだしで塩ちゃんこ	1704386
鶏せせりのネギ塩焼き	1572545
鶏とえのきのネギ塩しょうが炒め	1571664
鶏としめじのネギ塩炒め	1645232
鶏と枝豆の塩炒め	1532661
鶏と豆腐の塩うま煮	1570129
鶏なんこつねぎ塩ソース	1446567
鶏のから揚げ 塩味柚子胡椒風味	1446175
鶏のゴマ塩照り焼き＊	1442137
鶏のスペアリブと夏野菜の塩焼き	1523705
鶏のモモ肉でさっぱり塩焼き＊レモン風味	1347518
鶏の冷製 塩レバー 保存食	1532900
鶏の唐揚げ ｝塩コショウ｝	1601055
鶏の塩から揚げ	1446023
鶏の塩から揚げ	1524673
鶏の塩から揚げレモンドレッシングマリネ	1423600
鶏の塩ダレ焼き	1592666
鶏の塩唐揚げ	1609542
鶏の旨塩だんご鍋	1338756
鶏むね肉de塩鶏の焼き鳥風照り焼き	1411429
鶏むね肉de塩鶏唐揚げ	1370089
鶏むね肉と塩きのこのトマト煮	1392688
鶏むね肉の唐揚げ 塩ダレ漬け	1616065
鶏むね肉の塩唐揚げ	1610358
鶏むね肉の塩唐揚げ✾柔らかジューシー✾	1437731
鶏むね肉の塩麹唐揚げ	1588126
鶏もものネギ塩レモン焼きお弁当用	1578576
鶏もも肉で作るぷるぷるな塩鶏	1361748
鶏もも肉のカリカリ塩焼き2種	1371502
鶏もも肉の塩しょうが焼き	1424410
鶏もも肉の塩コショウ焼き	1592720
鶏もも肉の塩レモン焼き	1600947
鶏もも肉の塩焼き	1687279
鶏もも肉の花椒塩グリル焼き	1517030
鶏もも肉の葱塩ダレステーキ	1602265
鶏もも肉塩味シンプル丼	1557311
鶏スペアリブの塩コショウ焼き	1526345
鶏ネギ塩〜ごま油風味	1486600
鶏ネギ塩合え	1581007
鶏ハムで塩パスタ	1639310
鶏ハムよりも美味しいしっとり塩鶏！	1353541
鶏ハム＆キュウリ塩レモンさっぱりサラダ	1345338
鶏ハム＠塩麹	1672003
鶏ムネとセロリの塩炒め	1392840
鶏モモとアスパラの塩炒め	1693439
鶏モモをクレイジーソルトでオイルパスタ！	1354239
鶏モモ肉とブロッコリーの塩バター炒め	1336769
鶏モモ肉の塩麹クリーム煮	1621010
鶏レバーの塩炒め	1411229
鶏レバーの塩麹煮	1644331
鶏・白ネギ・塩昆布の簡単おつまみ	1395969
鶏三角とブナシメジの塩炒り	1400467
鶏三角と椎茸の塩炒り、山椒風味	1503809
鶏唐揚げ塩麹仕込み	1636173
鶏団子が美味しい塩ちゃんこ鍋	1626214
鶏団子の塩昆布うどん	1455571
鶏塩うどん	1691138
鶏塩うどん◇土鍋使用◇	1685234
鶏塩そうめん	1501000
鶏塩みぞれ鍋	1342503
鶏塩スープ	1474089
鶏塩ネギのっけご飯	1206216
鶏塩ラーメン風？大根スープ	1552713
鶏塩唐揚げ	1337268
鶏手羽元のオーブン焼き｝ハーブソルト｝	1580823
鶏手羽元の鍋〜あっさり塩味〜	1667879
鶏手羽肉の塩レモン	1531415
鶏手羽肉の塩麹トマト煮	1616213
鶏挽き肉と野菜のレンジ蒸し【塩ダレで】	1592619
鶏皮とアスパラの塩糀炒め	1485687
鶏肉でねぎ塩チンジャオロース	1502384
鶏肉で肉じゃが	1688752
鶏肉としめじとアスパラのさっぱり塩炒め	1431178
鶏肉とたっぷり野菜の青じそ入り塩焼きそば	1511560
鶏肉とセロリの塩やきそば	1599916
鶏肉とピーマンとしめじの塩味炒め	1595667
鶏肉とピーマンの塩麹炒め	1633082
鶏肉とブロッコリーのうま塩炒め	1415888
鶏肉とブロッコリーの簡単塩炒め＊	1397071
鶏肉と白菜の塩炒め	1424571
鶏肉と青梗菜の塩炒め	1621475
鶏肉のネギ塩ニンニク焼き	1641115
鶏肉のネギ塩レモンソテー	1487934
鶏肉のネギ塩炒め蒸し	1439399
鶏肉のハム	1620392
鶏肉の塩麹漬け焼き	1685254
鶏肉入り蓮根の塩きんぴら。	1431555
鶏胸で旦那の一押し塩鶏ハム	1417500
鶏胸肉でつくる塩つくね	1392884
鶏胸肉となすのクレイジーソルトポン酢炒め	1573931
鶏胸肉とスナップえんどうのねぎ塩炒め	1454998
鶏胸肉とブロッコリーの塩炒め	1415746
鶏胸肉のマジックソルトオーブン焼き	1497556
鶏胸肉の塩コショウ少々	1504603
鶏胸肉の塩タレ焼き	1618396
鶏胸肉の塩麹漬け焼き	1699265
鶏胸肉の柔らか塩麹焼き	1376835
麺に最適！塩スープ	1472221
黒ゴマ塩チョコレート	1358712
黒瀬ぶりの塩麹焼き	1654637
黒胡椒たっぷり塩豚カルビ肉巻きおにぎり	1620633
＊ たん塩とキャベツのレモン炒め ＊	1370111
＊ 万能調味料 ❤ 塩麹の作り方	1658023
＊ 八重桜 ❤ 桜の花の塩漬け	1419135
＊ 塩豆腐 ＊	1532435
＊ 豚バラの塩そうめんチャンプルー ＊	1481600
＊うちのおすすめ旨塩キムチ焼きそば＊簡単	1406857
＊おいしい塩パン＊	1479146
＊おつまみ＊ 塩豚のカシスウーロン煮	1453323
＊ごはんにのっけて 塩昆布トマト＊	1487993
＊ささみと塩昆布のマヨ和え＊	1632837
＊じゃがいもの塩煮物。＊	1407020
＊なめ茸と塩昆布のお手軽冷や奴＊	1496819
＊ま｝るい塩ちんすこう＊	1453368
＊もう1品｝塩昆布で作る簡単おひたし＊	1494562
＊わさび菜と竹輪の塩昆布和え＊	1369604
＊オクラの塩昆布和え｝梅生姜のせ｝＊	1600542
＊カンタン＊美味＊鶏と野菜の塩麹漬け	1480056
＊クリチあん塩トースト＊	1611866
＊クレイジーソルト＆チーズのトースト＊	1435179
＊サンマの塩焼きで簡単パスタ＊	1614404
＊ズッキーニと鶏肉の塩だれ＊	1506256
＊ツナと大根のシソ塩和え＊	1630579
＊トマトと大葉の塩昆布和え＊	1462805
＊ピーマンとエリンギの塩昆布炒め＊	1458267
＊ルクエdeとろ卵塩麹うどん＊	1655258
＊ルクエdeペッパー塩鶏＊	1363694
＊ルクエde卵いらずの塩麹蒸しパン＊	1653708
＊ルクエde塩焼きそば＊	1363143
＊ルクエde塩鶏のねぎソースがけ＊	1387240
＊ルクエde塩麹ガトーショコラ＊	1706716
＊ルクエde塩麹キャラメル蒸しパン＊	1680577
＊ルクエde塩麹粒あん蒸しパン＊	1705137
＊ルクエde塩麹蒸し煮！大根皮＆豚肉＊	1645153
＊ルクエde蒸しパン＆塩豆腐ティラミス＊	1338699
＊ルクエde鶏むね肉の塩麹蒸し鶏＊	1687176
＊・。＊塩キャラメル＊＊・。＊	1432966
＊南瓜の塩バター＊	1605923
＊和えるだけ！！長芋とツナの塩昆布和え＊	1568902
＊塩じゃがバター風味＊	1579182
＊塩コショウおにぎり＊	1466659
＊塩バターきなこクッキー＊	1357957
＊塩レモン味フライドポテト＊	1587319
＊塩昆布ソテーのトマトマリネ＊	1505309
＊塩焼きうどん＊	1457212
＊塩焼きそば＊	1567640
＊塩肉じゃが＊	1398246
＊塩麹から揚げ＊	1686230
＊塩麹でカレーポテト＊	1686183
＊塩麹で焼きそば＊	1646522
＊塩麹で鍋物＊	1360351
＊塩麹と砂糖を混ぜるだけ！佃煮風＊	1635059
＊塩麹トマトソースで＊チキンのトマト煮	1676882
＊塩麹使用＊醤油だれの焼き鳥	1416839
＊塩麹漬け＊	1695090
＊塩麹焼きおにぎり＊	1635055
＊塩麹食パン＊	1634725
＊塩麹＊	1694052
＊塩黒糖＊簡単クッキー＊	1565569
＊大根の皮と塩昆布あえ＊	1649024
＊大根皮とピーマンの塩麹炒め＊	1700370
＊完熟バナナの塩キャラメルパンケーキ＊	1440472
＊崩しブロッコリーのねぎ塩がつお和え＊	1413383
＊我が家の塩さば混ぜご飯＊	1484316
＊春キャベツの塩ダレサラダ＊	1400657
＊生白菜と塩昆布の簡単おかず＊	1685825
＊用途色々簡単にできる！塩麹＊	1699511
＊私の至福の塩ココア＊	1647666
＊簡単居酒屋メニュー塩やっこ＊	1521059
＊簡単水菜の塩昆布と鰹節の和えもの＊	1635328
＊簡単！！塩ラーメン風素麺＊	1567651
＊簡単＊塩キャラメルクッキー＊	1570902
＊簡単＊塩昆布と生姜の炊き込みご飯＊	1414012
＊縁起もの塩麹＊	1462971
＊茶がゆには塩こんぶ〜＊	1391606
＊長期保存！しその葉の塩漬け＊	1671720
＊魚ニソのゴマ塩炒め＊	1608527
＊鮭と海老のうま塩チャーハン＊	1599252
＊鶏のネギ塩炒め＊	1368257
＊鶏ももの塩麹焼き＊	1702284
＊＊イモと竹輪のノリ塩炒め＊＊	1648477
＊＊何てこたない塩昆布の炊き込みご飯＊＊	1405472
＊＊余った塩さばで炒飯＊＊	1394940
＊＊塩漬豚のポトフ＊＊	1589091
＊＊我が家の肉野菜炒め・塩味＊＊	1443572
＊＊旨味がギュ｝な鶏塩大根＊＊	1386616
＊＊青海苔塩焼きそば＊＊	1496202
＋自家製パンチェッタ＋	614195
｛・）ノ ついでに作った冷やし塩ラーメン	1553945
｝おせちにも｝塩昆布で❤大根なます	1650622
｝話題になっている塩豆腐｝焼鮭サラダ	1594210
